Type,Time_Steps,Batch_Reward,Reward_Rate,Critic_Loss,Actor_loss,Curiosity_Loss,Forward_Loss,Inverse_Loss
Train,256,3.2978780269622803,0.012882336042821407,0.05682767,0.6055137,2.7302594,0.01288234,2.717377
Train,512,3.2292747497558594,0.012614354491233826,0.054275304,0.5909605,2.7236018,0.012614358,2.710987
Train,768,3.291736602783203,0.012858346104621887,0.056649935,0.6045632,2.7302303,0.012858346,2.7173722
Train,1024,3.227407693862915,0.012607061304152012,0.00074756413,0.009622777,2.7234168,0.012607062,2.71081
Train,1280,3.159421682357788,0.01234149094671011,0.02592969,0.28499642,2.7253942,0.012341491,2.7130527
Train,1536,3.1138949394226074,0.01216365210711956,0.050145015,0.5681326,2.7213585,0.012163651,2.709195
Train,1792,3.0913829803466797,0.012075714766979218,0.049508322,0.5642873,2.714525,0.012075713,2.7024493
Train,2048,3.040536642074585,0.011877096258103848,0.047996625,0.55447894,2.7215178,0.011877092,2.7096407
Train,2304,2.921060800552368,0.011410393752157688,0.018555267,0.15582804,2.730012,0.011410393,2.7186015
Train,2560,2.8161160945892334,0.011000453494489193,0.04120571,0.51164025,2.7261386,0.011000454,2.7151382
Train,2816,2.8721516132354736,0.011219342239201069,0.04248601,0.5211002,2.7285228,0.01121934,2.7173033
Train,3072,2.868955373764038,0.011206856928765774,0.042628236,0.5202727,2.7319443,0.011206854,2.7207375
Train,3328,2.6934454441070557,0.010521271266043186,0.02727111,0.31598544,2.7269578,0.010521272,2.7164366
Train,3584,2.5492923259735107,0.009958173148334026,0.033573415,0.46052387,2.732615,0.009958176,2.7226567
Train,3840,2.587712049484253,0.010108250193297863,0.02466005,0.31066787,2.7194066,0.0101082465,2.7092984
Train,4096,2.6373629570007324,0.010302199050784111,0.03577751,0.4751694,2.7265623,0.010302202,2.71626
Train,4352,2.5002801418304443,0.009766719304025173,0.031985052,0.44831827,2.7245271,0.009766719,2.7147605
Train,4608,2.2965588569641113,0.00897093303501606,0.027209736,0.4107582,2.7200994,0.008970933,2.7111285
Train,4864,2.2826318740844727,0.008916530758142471,0.026638102,0.40708727,2.7244387,0.008916533,2.715522
Train,5120,2.273939847946167,0.008882577531039715,0.013260202,0.08147581,2.7178226,0.008882577,2.70894
Train,5376,2.1786348819732666,0.008510292507708073,0.020233462,0.29625937,2.7252681,0.008510297,2.7167578
Train,5632,2.2800421714782715,0.008906414732336998,0.02649521,0.4056752,2.7158556,0.008906415,2.7069492
Train,5888,2.2390291690826416,0.008746207691729069,0.014890297,0.12244272,2.7260728,0.00874621,2.7173266
Train,6144,2.1692371368408203,0.008473582565784454,0.024052791,0.38445306,2.7117639,0.008473584,2.7032902
Train,6400,2.0950751304626465,0.008183887228369713,0.022706266,0.37305003,2.7186198,0.008183888,2.7104359
Train,6656,2.011781930923462,0.007858523167669773,0.020609282,0.35421488,2.7261066,0.007858522,2.7182481
Train,6912,1.9418649673461914,0.00758541002869606,0.008387249,0.047555875,2.713191,0.007585412,2.7056055
Train,7168,1.9554834365844727,0.007638607174158096,0.0037352329,-0.09793344,2.7154198,0.0076386053,2.7077813
Train,7424,2.0530142784118652,0.008019587025046349,0.021636682,0.36449143,2.7238579,0.008019585,2.715838
Train,7680,2.0595011711120605,0.008044926449656487,0.022073131,0.36691543,2.7306075,0.008044929,2.7225628
Train,7936,1.9435811042785645,0.007592113688588142,0.019808598,0.34478724,2.720415,0.007592112,2.712823
Train,8192,1.8539916276931763,0.00724215479567647,0.0010756666,-0.09934455,2.7146108,0.007242156,2.7073684
Train,8448,1.7760998010635376,0.006937889847904444,0.016248211,0.31101012,2.725942,0.0069378903,2.7190042
Train,8704,1.7281535863876343,0.006750599946826696,0.015363554,0.30192053,2.712039,0.0067506013,2.7052884
Train,8960,1.7076396942138672,0.006670467555522919,0.015004109,0.29833063,2.7213678,0.0066704657,2.7146974
Train,9216,1.6959028244018555,0.006624620407819748,0.0148027325,0.29594406,2.7199793,0.006624622,2.7133546
Train,9472,1.6597715616226196,0.006483482662588358,0.00095919275,-0.047877327,2.7088819,0.0064834817,2.7023988
Train,9728,1.650660753250122,0.006447893567383289,0.014117994,0.2890877,2.7172563,0.006447895,2.7108085
Train,9984,1.6943559646606445,0.006618577986955643,0.01475657,0.29485682,2.7247663,0.006618578,2.7181478
Train,10240,1.6174005270004272,0.006317970808595419,0.0007490471,-0.036047306,2.7144175,0.0063179694,2.7080996
Train,10496,1.6975668668746948,0.006631120573729277,0.015013519,0.29887888,2.7147553,0.0066311215,2.7081242
Train,10752,1.826086401939392,0.00713315000757575,0.017466616,0.32356462,2.723631,0.0071331514,2.716498
Train,11008,1.7610704898834229,0.0068791816011071205,0.015980275,0.30889925,2.7176852,0.006879182,2.710806
Train,11264,1.5759479999542236,0.006156046874821186,5.5295837e-05,-0.04260941,2.7213728,0.006156048,2.7152166
Train,11520,1.5717542171478271,0.0061396649107337,0.012901347,0.27456197,2.7229106,0.0061396654,2.7167711
Train,11776,1.558707594871521,0.006088701542466879,0.012613788,0.27152368,2.7142215,0.0060887,2.7081327
Train,12032,1.5342170000076294,0.005993035156279802,0.012168973,0.26609445,2.715829,0.0059930366,2.709836
Train,12288,1.5479910373687744,0.006046839989721775,0.012441045,0.2688811,2.7175741,0.0060468395,2.7115273
Train,12544,1.5086206197738647,0.005893049295991659,0.006363917,0.13141057,2.7138078,0.005893052,2.7079148
Train,12800,1.4890755414962769,0.0058167013339698315,0.011537592,0.25845787,2.7149038,0.0058167027,2.7090871
Train,13056,1.4858558177947998,0.005804124288260937,0.011491554,0.25710565,2.7148347,0.0058041243,2.7090302
Train,13312,1.4575268030166626,0.005693464074283838,0.011035431,0.25199825,2.718349,0.0056934645,2.7126555
Train,13568,1.4493353366851807,0.005661466158926487,0.0045725056,0.0923208,2.7244298,0.0056614666,2.7187684
Train,13824,1.4408979415893555,0.00562850758433342,0.010758704,0.24835035,2.7167792,0.005628506,2.7111506
Train,14080,1.4285413026809692,0.005580239463597536,0.0106088,0.2463538,2.7272687,0.005580237,2.7216883
Train,14336,1.436297059059143,0.005610535386949778,0.010740392,0.24798314,2.722571,0.005610535,2.7169602
Train,14592,1.5559735298156738,0.006078021600842476,0.012656506,0.2717094,2.703912,0.0060780207,2.697834
Train,14848,1.4685555696487427,0.005736545193940401,0.004899408,0.089935035,2.7150526,0.0057365457,2.7093163
Train,15104,1.4487559795379639,0.005659203045070171,0.011009963,0.2510593,2.7205212,0.005659201,2.7148619
Train,15360,1.4703643321990967,0.005743610672652721,0.01130539,0.2554136,2.7178373,0.005743611,2.7120938
Train,15616,1.4304760694503784,0.005587797146290541,0.010522723,0.24503997,2.715621,0.0055877957,2.7100334
Train,15872,1.4130505323410034,0.005519728641957045,0.010333238,0.24353155,2.716101,0.0055197296,2.7105813
Train,16128,1.417253017425537,0.005536144599318504,0.010354862,0.2431136,2.7139916,0.0055361427,2.7084556
Train,16384,1.3993960618972778,0.0054663908667862415,0.010135817,0.24021311,2.7175875,0.0054663913,2.7121212
Train,16640,1.3971301317214966,0.005457539577037096,0.0052528544,0.10133081,2.7249336,0.005457539,2.719476
Train,16896,1.410028100013733,0.005507922265678644,0.0102787595,0.24249338,2.7154093,0.0055079227,2.7099016
Train,17152,1.441238284111023,0.005629837047308683,0.010844591,0.24908882,2.729176,0.0056298366,2.7235463
Train,17408,1.422666311264038,0.005557290278375149,0.010461318,0.24480766,2.7233531,0.005557292,2.7177956
Train,17664,1.3918215036392212,0.005436802748590708,0.004416651,0.069584936,2.7106318,0.0054368023,2.705195
Train,17920,1.3702210187911987,0.00535242585465312,0.00512929,0.0958706,2.7047157,0.0053524286,2.6993635
Train,18176,1.3774796724319458,0.005380779970437288,0.00985755,0.23633987,2.718594,0.0053807786,2.7132132
Train,18432,1.3720579147338867,0.005359601229429245,0.009733776,0.23442636,2.7245822,0.0053596026,2.7192225
Train,18688,1.368977665901184,0.0053475690074265,0.009661827,0.23413388,2.7234697,0.0053475713,2.7181222
Train,18944,1.3610903024673462,0.005316758994013071,0.0095995115,0.232826,2.7223363,0.0053167585,2.7170196
Train,19200,1.4793726205825806,0.005778799299150705,0.0003162559,-0.07442772,2.715548,0.0057788007,2.7097692
Train,19456,1.4186075925827026,0.005541435908526182,0.010433722,0.24415939,2.7115011,0.0055414373,2.7059596
Train,19712,1.4319812059402466,0.005593676585704088,0.010726074,0.24791841,2.7197626,0.005593675,2.714169
Train,19968,1.4297890663146973,0.005585113540291786,0.009549093,0.21784042,2.7205706,0.005585113,2.7149854
Train,20224,1.3989797830581665,0.005464764777570963,0.010118593,0.24021046,2.7203598,0.005464764,2.7148948
Train,20480,1.3445403575897217,0.00525211077183485,0.008456508,0.20155485,2.7184389,0.005252111,2.7131867
Train,20736,1.3155479431152344,0.005138859152793884,0.008956497,0.22430427,2.714817,0.005138858,2.7096784
Train,20992,1.3023643493652344,0.005087360739707947,0.008777887,0.22199416,2.7113254,0.0050873626,2.706238
Train,21248,1.3028570413589478,0.00508928531780839,0.008768977,0.22205526,2.72017,0.005089285,2.7150807
Train,21504,1.2991063594818115,0.005074634216725826,0.0070185405,0.16369486,2.7146018,0.005074635,2.709527
Train,21760,1.2706718444824219,0.0049635618925094604,0.003965318,0.06397192,2.7115893,0.004963563,2.7066257
Train,22016,1.2675734758377075,0.004951458889991045,0.008293003,0.21474381,2.7076633,0.004951459,2.7027118
Train,22272,1.262636661529541,0.00493217445909977,0.008220114,0.21393701,2.7224803,0.004932176,2.7175484
Train,22528,1.2598124742507935,0.004921142477542162,0.00820216,0.21357788,2.7172918,0.0049211425,2.7123706
Train,22784,1.2540415525436401,0.004898599814623594,0.003041714,0.03060203,2.720069,0.0048985984,2.7151701
Train,23040,1.242910385131836,0.004855118691921234,0.007957077,0.20977633,2.7174895,0.0048551196,2.7126343
Train,23296,1.2243484258651733,0.004782611038535833,0.0077287685,0.2064821,2.7147229,0.004782611,2.7099402
Train,23552,1.217907428741455,0.004757450893521309,0.007635493,0.20499891,2.7142723,0.00475745,2.7095146
Train,23808,1.2185206413269043,0.00475984625518322,0.0021630889,-0.0016289521,2.7193565,0.0047598467,2.7145967
Train,24064,1.2190595865249634,0.004761951509863138,0.0027192582,0.020801114,2.7069504,0.004761952,2.7021885
Train,24320,1.2268654108047485,0.004792443010956049,0.0077578593,0.20651804,2.7109818,0.0047924425,2.7061892
Train,24576,1.2024930715560913,0.004697238560765982,0.0074432516,0.20240065,2.719544,0.0046972376,2.7148466
Train,24832,1.2045642137527466,0.004705328959971666,0.0003125483,-0.07056108,2.7150948,0.00470533,2.7103896
Train,25088,1.2550947666168213,0.004902713932096958,0.008142618,0.21201472,2.7161317,0.0049027135,2.7112288
Train,25344,1.2642780542373657,0.00493858614936471,0.008311054,0.21416025,2.7147048,0.0049385848,2.7097661
Train,25600,1.2575113773345947,0.004912153817713261,0.008218041,0.21302146,2.7147353,0.0049121547,2.7098231
Train,25856,1.2905575037002563,0.005041240248829126,0.008677422,0.21995397,2.7161357,0.0050412407,2.7110949
Train,26112,1.2007663249969482,0.004690493457019329,0.007441684,0.20194142,2.7180657,0.0046904935,2.7133756
Train,26368,1.1682707071304321,0.0045635574497282505,0.0025843093,0.043823887,2.7122855,0.004563556,2.7077222
Train,26624,1.1941113471984863,0.004664497449994087,0.0074408683,0.2016321,2.713367,0.0046644974,2.7087026
Train,26880,1.160538673400879,0.004533354192972183,0.006974909,0.19469291,2.7229083,0.004533354,2.718375
Train,27136,1.1398630142211914,0.004452589899301529,0.0067763417,0.19160393,2.7169433,0.004452591,2.7124906
Train,27392,1.1260673999786377,0.0043987007811665535,0.0065201977,0.18722713,2.7124515,0.004398701,2.7080526
Train,27648,1.1147176027297974,0.004354365635663271,0.0033093025,0.0728902,2.7134461,0.004354366,2.7090917
Train,27904,1.1153452396392822,0.004356817342340946,0.006404812,0.18568744,2.7146335,0.0043568173,2.7102766
Train,28160,1.1155860424041748,0.004357757978141308,0.006510295,0.18730883,2.7163482,0.004357758,2.7119904
Train,28416,1.11988365650177,0.004374545533210039,0.006471403,0.18654117,2.7202728,0.004374546,2.7158983
Train,28672,1.108392596244812,0.004329658579081297,0.00037315025,-0.03554194,2.7139704,0.004329658,2.7096407
Train,28928,1.100653052330017,0.004299425985664129,0.0062350584,0.18259585,2.7141342,0.0042994265,2.7098346
Train,29184,1.0995081663131714,0.004294953774660826,0.006319804,0.18457462,2.7145216,0.004294954,2.7102265
Train,29440,1.0762662887573242,0.004204165190458298,0.0059817685,0.17833532,2.7037797,0.004204165,2.6995757
Train,29696,1.090273141860962,0.0042588794603943825,7.8987854e-05,-0.046871476,2.7193027,0.00425888,2.715044
Train,29952,1.0701981782913208,0.004180461633950472,0.0059562232,0.17774278,2.7116373,0.004180462,2.7074566
Train,30208,1.060318112373352,0.0041418676264584064,0.0058115385,0.17567386,2.7255006,0.004141868,2.7213585
Train,30464,1.051104187965393,0.004105875734239817,0.0053169536,0.1597122,2.71877,0.004105875,2.714664
Train,30720,1.0411773920059204,0.004067099187523127,0.005667592,0.17277871,2.7214825,0.0040670987,2.7174153
Train,30976,1.0338183641433716,0.004038352984935045,0.0055464264,0.17097913,2.71818,0.0040383525,2.7141416
Train,31232,1.0323936939239502,0.0040327878668904305,0.0055103935,0.16997896,2.7240057,0.004032786,2.7199726
Train,31488,1.0357303619384766,0.004045821726322174,0.0046172137,0.13470177,2.7116618,0.0040458217,2.7076159
Train,31744,1.0362861156463623,0.004047992639243603,0.005636137,0.17222908,2.718802,0.004047992,2.714754
Train,32000,1.0360965728759766,0.0040472522377967834,0.00073776237,-0.020799134,2.7220418,0.0040472527,2.7179947
Train,32256,1.0566414594650269,0.004127505701035261,0.005780847,0.17439792,2.7110581,0.0041275052,2.7069306
Train,32512,1.0608869791030884,0.004144089762121439,0.0016139882,0.014652977,2.7179027,0.004144089,2.7137585
Train,32768,1.0745759010314941,0.004197562113404274,0.006022308,0.17908846,2.7099504,0.004197565,2.7057528
Train,33024,1.0808489322662354,0.004222066141664982,0.0060410714,0.17897825,2.7145426,0.004222066,2.7103205
Train,33280,1.0908875465393066,0.0042612794786691666,0.0061449143,0.18096049,2.7191145,0.0042612804,2.7148533
Train,33536,1.0722609758377075,0.004188519436866045,0.00317754,0.0727755,2.713585,0.004188518,2.7093964
Train,33792,1.0807874202728271,0.004221825860440731,0.0060197907,0.17896359,2.7213473,0.0042218263,2.7171254
Train,34048,1.0982787609100342,0.004290151409804821,0.006193417,0.18155627,2.7236118,0.0042901523,2.7193217
Train,34304,1.0724129676818848,0.004189113155007362,0.005956305,0.1775701,2.7115698,0.0041891127,2.7073805
Train,34560,1.0143697261810303,0.0039623817428946495,0.002304575,0.043044373,2.721028,0.0039623813,2.7170658
Train,34816,0.997511088848114,0.0038965276908129454,0.005179284,0.16411027,2.7139463,0.003896528,2.71005
Train,35072,1.0017739534378052,0.0039131795056164265,0.00097220123,-0.018670728,2.7150888,0.003913181,2.7111754
Train,35328,0.9793770909309387,0.0038256917614489794,0.004929023,0.15932387,2.7121806,0.003825693,2.7083547
Train,35584,0.9701289534568787,0.0037895662244409323,0.0048841373,0.15845685,2.7229688,0.0037895653,2.7191794
Train,35840,0.9651864171028137,0.003770259441807866,0.0003496257,-0.050145637,2.7174969,0.0037702592,2.713726
Train,36096,0.9760029315948486,0.0038125114515423775,0.0049313405,0.15919761,2.7142262,0.0038125117,2.710414
Train,36352,0.9499805569648743,0.00371086155064404,0.004673221,0.1542879,2.7160156,0.0037108597,2.7123046
Train,36608,0.9369766116142273,0.0036600648891180754,0.0045185187,0.15121064,2.7188387,0.003660066,2.7151785
Train,36864,0.929167628288269,0.003629561048001051,0.0044700596,0.15031877,2.7105346,0.0036295615,2.706905
Train,37120,0.9223425388336182,0.003602900542318821,0.001677441,0.028448403,2.7201948,0.0036029,2.716592
Train,37376,0.9184049367904663,0.003587519284337759,0.004404215,0.1490308,2.7160625,0.0035875184,2.7124748
Train,37632,0.9075419902801514,0.0035450858995318413,0.0042689247,0.14633276,2.7104576,0.0035450864,2.7069125
Train,37888,0.9089751243591309,0.003550684079527855,0.004236268,0.14569628,2.7096007,0.0035506836,2.70605
Train,38144,0.8942503333091736,0.0034931653644889593,0.0041431687,0.14383645,2.7125196,0.0034931644,2.7090263
Train,38400,0.8903051614761353,0.0034777545370161533,0.0014656404,0.022762325,2.7056458,0.003477754,2.702168
Train,38656,0.8746395707130432,0.003416560823097825,0.003981984,0.14055236,2.7160778,0.0034165601,2.7126613
Train,38912,0.8674541711807251,0.0033884928561747074,0.003905464,0.13888666,2.7092242,0.0033884922,2.7058358
Train,39168,0.8622097969055176,0.003368007019162178,0.0038221548,0.1371057,2.711719,0.0033680063,2.708351
Train,39424,0.8565940260887146,0.0033460704144090414,0.0009762777,-0.0019178186,2.7151153,0.003346071,2.711769
Train,39680,0.850852370262146,0.003323642071336508,0.0037524605,0.13561942,2.7231274,0.0033236432,2.7198036
Train,39936,0.8468538522720337,0.0033080228604376316,0.0037050354,0.13447987,2.7141652,0.003308022,2.7108574
Train,40192,0.8444028496742249,0.003298448631539941,0.0036687432,0.13379636,2.7153382,0.0032984484,2.71204
Train,40448,0.8360891342163086,0.0032659731805324554,0.0007285277,-0.012475835,2.7203548,0.0032659734,2.717089
Train,40704,0.8294177055358887,0.003239912912249565,0.0035459516,0.13085164,2.710686,0.0032399115,2.707446
Train,40960,0.8269338011741638,0.0032302101608365774,0.0025736918,0.08259809,2.711966,0.0032302095,2.7087357
Train,41216,0.8273725509643555,0.0032319240272045135,0.0035426624,0.13099359,2.7123423,0.003231924,2.70911
Train,41472,0.8236765265464783,0.0032174864318221807,0.0035043363,0.1299583,2.7144246,0.0032174862,2.7112072
Train,41728,0.8206188678741455,0.003205542452633381,0.0034886927,0.12984514,2.7174091,0.0032055432,2.7142038
Train,41984,0.8286502361297607,0.003236914984881878,0.0021931818,0.06337394,2.7146978,0.0032369148,2.7114608
Train,42240,0.8382845520973206,0.0032745490316301584,0.0036237857,0.1331007,2.7084074,0.0032745483,2.705133
Train,42496,0.8358367085456848,0.0032649871427565813,0.003607032,0.1321844,2.7203841,0.0032649864,2.717119
Train,42752,0.8232638835906982,0.003215874545276165,0.0022593313,0.06875083,2.7185338,0.0032158734,2.7153177
Train,43008,0.855657160282135,0.00334241078235209,0.0038235644,0.13718292,2.7225423,0.0033424105,2.7192001
Train,43264,0.8372987508773804,0.003270698245614767,0.0036198646,0.13287763,2.7245576,0.0032706982,2.721287
Train,43520,0.8155474066734314,0.0031857320573180914,0.0022710464,0.06883051,2.70964,0.003185732,2.7064543
Train,43776,0.7949064373970032,0.0031051032710820436,0.0032629548,0.12468502,2.7116513,0.003105102,2.7085464
Train,44032,0.7735888361930847,0.003021831391379237,0.0030931854,0.12070267,2.7115166,0.003021832,2.7084947
Train,44288,0.7614206075668335,0.0029742992483079433,0.0029850348,0.11806077,2.7112937,0.0029742995,2.7083194
Train,44544,0.7511692047119141,0.0029342547059059143,0.001684816,0.042025566,2.713779,0.0029342538,2.710845
Train,44800,0.747046947479248,0.0029181521385908127,0.002888944,0.11582512,2.7121348,0.0029181521,2.7092166
Train,45056,0.7424746155738831,0.0029002914670854807,0.0028241854,0.113972105,2.7101274,0.002900292,2.7072272
Train,45312,0.7411647439002991,0.0028951747808605433,0.0028320486,0.11442029,2.7124593,0.002895175,2.7095642
Train,45568,0.7330830693244934,0.0028636057395488024,0.0013462778,0.020857498,2.7138653,0.0028636055,2.711002
Train,45824,0.729188084602356,0.002848390955477953,0.001961401,0.06266919,2.7117589,0.0028483903,2.7089105
Train,46080,0.7260832786560059,0.002836262807250023,0.0027142912,0.11129535,2.713141,0.002836264,2.7103047
Train,46336,0.723288357257843,0.0028253451455384493,0.0027111918,0.11110772,2.7139037,0.002825345,2.7110784
Train,46592,0.7133378982543945,0.0027864761650562286,0.002638632,0.1094822,2.7200227,0.0027864762,2.717236
Train,46848,0.7063632011413574,0.0027592312544584274,0.0015882275,0.042423114,2.7163935,0.0027592313,2.7136345
Train,47104,0.6988455653190613,0.002729865489527583,0.0025141332,0.105840355,2.7162976,0.0027298653,2.7135677
Train,47360,0.6929895281791687,0.0027069903444498777,0.0021456322,0.08341932,2.7175155,0.00270699,2.7148085
Train,47616,0.7061982750892639,0.002758587012067437,0.0025630947,0.1074222,2.7121556,0.0027585882,2.7093968
Train,47872,0.6894012093544006,0.0026929734740406275,0.0024501542,0.10430795,2.7110238,0.0026929737,2.708331
Train,48128,0.6832731366157532,0.002669035689905286,0.0023886831,0.10244522,2.7072196,0.002669036,2.7045505
Train,48384,0.6680001020431519,0.002609375398606062,0.00048396882,-0.03426748,2.7109263,0.0026093754,2.708317
Train,48640,0.6653078198432922,0.0025988586712628603,0.0022759016,0.0997882,2.7125046,0.0025988594,2.7099059
Train,48896,0.6561226844787598,0.0025629792362451553,0.0022309837,0.09847586,2.7103086,0.0025629802,2.7077456
Train,49152,0.6512274146080017,0.0025438570883125067,0.0021803123,0.09682806,2.714757,0.0025438564,2.712213
Train,49408,0.6443952322006226,0.002517168875783682,0.0002607539,-0.049574412,2.7137163,0.0025171684,2.7111988
Train,49664,0.6386271119117737,0.002494637155905366,0.0021021373,0.09471011,2.705299,0.0024946379,2.702804
Train,49920,0.6355190277099609,0.002482496201992035,0.0020778573,0.09392847,2.7141619,0.0024824967,2.7116795
Train,50176,0.6290695667266846,0.0024573029950261116,0.0020405941,0.09283642,2.7141974,0.0024573025,2.71174
Train,50432,0.6277998685836792,0.002452343236654997,0.0020310003,0.09256032,2.7156148,0.0024523423,2.7131624
Train,50688,0.6320937871932983,0.0024691163562238216,0.0020630886,0.09360634,2.7147331,0.0024691175,2.712264
Train,50944,0.6372144222259521,0.0024891188368201256,0.0021095334,0.094869494,2.7155607,0.0024891186,2.7130716
Train,51200,0.6452590823173523,0.0025205432903021574,0.001336455,0.042847417,2.7108564,0.0025205435,2.7083356
Train,51456,0.6239721775054932,0.0024373913183808327,0.0019985125,0.091661416,2.7042413,0.0024373904,2.7018042
Train,51712,0.6158027052879333,0.0024054793175309896,0.001961791,0.09048051,2.7090752,0.0024054796,2.7066698
Train,51968,0.6058905720710754,0.0023667600471526384,0.00189927,0.08864989,2.7117236,0.0023667593,2.7093568
Train,52224,0.6023999452590942,0.002353124786168337,0.0009881672,0.02412602,2.7086487,0.0023531243,2.7062957
Train,52480,0.6044823527336121,0.002361259190365672,0.0018910016,0.0884997,2.7124033,0.002361259,2.7100418
Train,52736,0.5992427468299866,0.002340791979804635,0.0018463867,0.08706085,2.7172096,0.0023407917,2.7148688
Train,52992,0.6021313071250916,0.002352075418457389,0.0018696982,0.087649904,2.7106566,0.0023520757,2.7083044
Train,53248,0.5953564047813416,0.0023256109561771154,0.0007501243,0.010236334,2.7215707,0.0023256107,2.719245
Train,53504,0.605972170829773,0.0023670787923038006,0.0019011998,0.08860212,2.717708,0.0023670779,2.7153409
Train,53760,0.5951403379440308,0.00232476694509387,0.0018397239,0.086585626,2.708178,0.0023247674,2.7058532
Train,54016,0.5804149508476257,0.002267245901748538,0.0017388624,0.0836108,2.7121625,0.002267246,2.7098951
Train,54272,0.561012327671051,0.002191454404965043,0.0005348052,-0.0050287507,2.7196603,0.0021914544,2.717469
Train,54528,0.546420693397522,0.00213445583358407,0.0015475975,0.07745054,2.7089787,0.0021344572,2.7068443
Train,54784,0.5595146417617798,0.0021856040693819523,0.0016173527,0.079834014,2.7154064,0.002185604,2.713221
Train,55040,0.5553738474845886,0.0021694290917366743,0.0005293646,-0.0057822447,2.710477,0.0021694275,2.7083077
Train,55296,0.5456776022911072,0.0021315531339496374,0.0015465706,0.07743011,2.7220874,0.0021315524,2.719956
Train,55552,0.5382238626480103,0.00210243696346879,0.0014867624,0.07543355,2.715445,0.002102437,2.7133427
Train,55808,0.5367679595947266,0.0020967498421669006,0.0014828654,0.07522206,2.7140584,0.0020967498,2.7119615
Train,56064,0.5275618433952332,0.0020607884507626295,0.00031752285,-0.020463152,2.712956,0.0020607887,2.7108953
Train,56320,0.527583658695221,0.002060873666778207,0.0002958884,-0.017884564,2.7164927,0.0020608734,2.7144318
Train,56576,0.5238223075866699,0.0020461808890104294,0.0014080674,0.07256152,2.7031436,0.002046181,2.7010975
Train,56832,0.5147973895072937,0.002010927302762866,0.0013698576,0.07135258,2.7080607,0.002010927,2.7060497
Train,57088,0.5097883939743042,0.0019913609139621258,0.0013474461,0.07022221,2.7191205,0.0019913604,2.717129
Train,57344,0.5019574165344238,0.001960771158337593,0.0013234641,0.06961997,2.7090306,0.0019607712,2.70707
Train,57600,0.49562105536460876,0.001936019747518003,0.00076436053,0.028777815,2.713139,0.0019360187,2.7112029
Train,57856,0.49402856826782227,0.0019297990947961807,0.0012576333,0.067136526,2.7135236,0.0019297993,2.7115936
Train,58112,0.49674665927886963,0.0019404166378080845,0.0012818706,0.06805715,2.7172165,0.001940417,2.7152762
Train,58368,0.49331095814704895,0.00192699593026191,0.0012645477,0.0673096,2.7138886,0.0019269956,2.7119617
Train,58624,0.4922417402267456,0.001922819297760725,0.000384581,-0.0015565101,2.7094586,0.0019228195,2.7075357
Train,58880,0.488616406917572,0.0019086578395217657,0.0012387147,0.06623665,2.7059636,0.0019086585,2.7040548
Train,59136,0.5138958692550659,0.0020074057392776012,0.0013755251,0.07093448,2.7085223,0.0020074057,2.7065148
Train,59392,0.47588199377059937,0.0018589140381664038,0.0011706204,0.063846976,2.7136502,0.0018589145,2.7117915
Train,59648,0.5326038599014282,0.002080483827739954,0.0002655276,-0.010207158,2.708065,0.0020804838,2.7059846
Train,59904,0.5781475305557251,0.002258388791233301,0.00029655092,-0.016017195,2.7053618,0.0022583888,2.7031035
Train,60160,0.5800257921218872,0.002265725750476122,0.0017159192,0.083070435,2.7100427,0.0022657258,2.707777
Train,60416,0.6372604370117188,0.0024892985820770264,0.002108824,0.0948645,2.7126656,0.002489299,2.7101765
Train,60672,0.5546669363975525,0.0021666677203029394,0.001613133,0.07905622,2.7150006,0.0021666694,2.712834
Train,60928,0.5388360023498535,0.0021048281341791153,0.0015141065,0.07643065,2.708879,0.0021048284,2.7067742
Train,61184,0.538694441318512,0.0021042751614004374,8.630153e-05,-0.028421454,2.7111309,0.0021042754,2.7090266
Train,61440,0.5112818479537964,0.001997194718569517,0.000986478,0.04106518,2.706295,0.0019971945,2.704298
Train,61696,0.49047064781188965,0.001915900968015194,0.0012473289,0.06677434,2.7149446,0.0019159013,2.7130287
Train,61952,0.459244966506958,0.0017939256504178047,0.0011008794,0.061046887,2.7102122,0.0017939254,2.7084184
Train,62208,0.44800204038619995,0.0017500079702585936,0.0010412002,0.05874709,2.7069268,0.0017500079,2.7051768
Train,62464,0.43826067447662354,0.0017119557596743107,0.0010124848,0.057312258,2.7108846,0.0017119565,2.7091727
Train,62720,0.4306153953075409,0.0016820913879200816,0.000954691,0.054968007,2.7049186,0.0016820907,2.7032363
Train,62976,0.4302046298980713,0.001680486835539341,0.0009595755,0.05519373,2.7147315,0.0016804871,2.7130508
Train,63232,0.43442773818969727,0.001696983352303505,0.00070139236,0.031415038,2.7126634,0.0016969837,2.7109666
Train,63488,0.4244116544723511,0.0016578580252826214,0.000943013,0.054476622,2.7059588,0.001657858,2.7043009
Train,63744,0.4176635146141052,0.0016314981039613485,0.00090025325,0.052633755,2.7168298,0.0016314982,2.7151985
Train,64000,0.4149479568004608,0.0016208904562518,0.00089239416,0.05250312,2.7113924,0.0016208906,2.7097716
Train,64256,0.40944263339042664,0.001599385286681354,0.0005323569,0.016070846,2.713418,0.0015993858,2.7118187
Train,64512,0.4053700566291809,0.001583476783707738,0.0008529238,0.05021955,2.7054114,0.0015834766,2.7038279
Train,64768,0.40304940938949585,0.0015744117554277182,0.0008333521,0.049751557,2.7129283,0.001574412,2.7113538
Train,65024,0.39507120847702026,0.0015432469081133604,0.0007983354,0.04785586,2.7052965,0.0015432469,2.7037532
Train,65280,0.397177517414093,0.0015514746773988008,0.0004657964,0.0034870524,2.7108788,0.0015514747,2.7093275
Train,65536,0.38746708631515503,0.0015135433059185743,0.000773496,0.046587437,2.7055602,0.0015135433,2.7040467
Train,65792,0.3783343732357025,0.001477868645451963,0.000731257,0.04479935,2.710773,0.0014778689,2.7092953
Train,66048,0.3733985126018524,0.001458587939850986,0.0007185368,0.044153154,2.7066247,0.0014585884,2.7051659
Train,66304,0.368600457906723,0.0014398455386981368,0.0006980232,0.042895682,2.7088232,0.0014398452,2.7073832
Train,66560,0.3627903461456299,0.0014171497896313667,0.0006598974,0.039550297,2.7074943,0.0014171493,2.7060769
Train,66816,0.3582915961742401,0.0013995765475556254,0.0006576061,0.04093594,2.7117398,0.0013995769,2.71034
Train,67072,0.3528640866279602,0.0013783753383904696,0.0006464942,0.040472403,2.7068005,0.0013783752,2.7054222
Train,67328,0.3506298363208771,0.001369647798128426,0.00062616705,0.03927912,2.712411,0.0013696472,2.7110412
Train,67584,0.34974604845046997,0.0013661955017596483,0.00054617453,0.0273761,2.712523,0.0013661955,2.7111568
Train,67840,0.34671729803085327,0.0013543644454330206,0.00010779065,-0.052987568,2.713231,0.0013543647,2.7118769
Train,68096,0.3411473035812378,0.0013326066546142101,0.000599773,0.038064618,2.7080936,0.0013326076,2.706761
Train,68352,0.34380772709846497,0.0013429989339783788,0.00060595025,0.03823795,2.708487,0.0013429993,2.7071443
Train,68608,0.3392127752304077,0.0013250499032437801,0.0005692913,0.033910736,2.7055593,0.0013250503,2.7042341
Train,68864,0.3619104027748108,0.0014137125108391047,0.00067933154,0.042045094,2.7073767,0.0014137129,2.7059631
Train,69120,0.3487972915172577,0.0013624894199892879,0.00061065436,0.038749687,2.712585,0.0013624895,2.7112224
Train,69376,0.34638839960098267,0.0013530796859413385,0.00061625335,0.038806442,2.7113376,0.0013530797,2.7099843
Train,69632,0.3232607841491699,0.001262737438082695,0.00046151318,0.0226418,2.7127125,0.0012627369,2.7114499
Train,69888,0.31779834628105164,0.001241399790160358,0.00052261166,0.033632603,2.716843,0.0012413998,2.7156014
Train,70144,0.3205009400844574,0.0012519567972049117,7.6414275e-05,-0.04152308,2.7077663,0.0012519568,2.7065144
Train,70400,0.3156018853187561,0.001232819864526391,0.0005016249,0.032510556,2.7168138,0.00123282,2.715581
Train,70656,0.32709628343582153,0.0012777198571711779,0.00054658466,0.034908693,2.7083347,0.0012777204,2.707057
Train,70912,0.31654906272888184,0.0012365197762846947,0.0005167534,0.03325635,2.7076254,0.0012365201,2.706389
Train,71168,0.3188017010688782,0.0012453191448003054,0.00052159384,0.03336233,2.7107046,0.0012453198,2.7094593
Train,71424,0.32936152815818787,0.0012865684693679214,0.00056694367,0.03596004,2.7114449,0.0012865686,2.710158
Train,71680,0.30746743083000183,0.0012010446516796947,0.00027485425,0.0017261803,2.7109966,0.0012010443,2.7097957
Train,71936,0.3132871091365814,0.0012237777700647712,0.0005100794,0.032911092,2.7048335,0.0012237774,2.70361
Train,72192,0.2975984811782837,0.0011624940671026707,0.00015835025,-0.01973844,2.705685,0.0011624943,2.7045221
Train,72448,0.30468085408210754,0.0011901595862582326,1.7379127e-05,-0.038156442,2.709231,0.001190159,2.7080405
Train,72704,0.2955521047115326,0.0011545004090294242,0.00021871552,-0.0042992737,2.7125127,0.0011544997,2.7113583
Train,72960,0.2839279770851135,0.0011090936604887247,0.00041945072,0.02740911,2.7083817,0.0011090941,2.7072725
Train,73216,0.28498196601867676,0.001113210804760456,0.0004267713,0.027754078,2.7082324,0.0011132107,2.7071195
Train,73472,0.2831094264984131,0.0011058961972594261,0.00041185744,0.02681557,2.7078965,0.0011058962,2.7067907
Train,73728,0.2883739173412323,0.0011264606146141887,0.00016094075,-0.009071711,2.7082477,0.0011264607,2.7071211
Train,73984,0.2828655540943146,0.0011049435706809163,0.00040848352,0.026522884,2.7108185,0.0011049438,2.7097137
Train,74240,0.28671953082084656,0.0011199981672689319,0.00043612975,0.028085658,2.7013159,0.0011199978,2.700196
Train,74496,0.295590341091156,0.0011546497698873281,0.00045461275,0.02953353,2.7086039,0.0011546501,2.707449
Train,74752,0.32131099700927734,0.0012551210820674896,0.00040220894,0.019972254,2.7090368,0.001255121,2.7077818
Train,75008,0.3040492534637451,0.0011876923963427544,0.00048537907,0.03141736,2.7060256,0.0011876924,2.7048378
Train,75264,0.31652793288230896,0.0012364372378215194,0.0005210462,0.033636324,2.70688,0.0012364375,2.705644
Train,75520,0.31729575991630554,0.0012394365621730685,0.0005136714,0.033113524,2.7136612,0.0012394367,2.7124217
Train,75776,0.29718634486198425,0.001160884159617126,0.00030820293,0.009830402,2.707159,0.001160884,2.705998
Train,76032,0.28890112042427063,0.0011285200016573071,0.00043105555,0.028050816,2.7099977,0.0011285199,2.708869
Train,76288,0.27261224389076233,0.0010648915776982903,0.0003885233,0.025148163,2.709953,0.0010648917,2.7088883
Train,76544,0.26501017808914185,0.0010351960081607103,0.0003644821,0.023437444,2.7134838,0.001035196,2.7124484
Train,76800,0.2726587653160095,0.0010650733020156622,0.00020611219,0.0014563166,2.7167768,0.0010650738,2.7157116
Train,77056,0.2796557545661926,0.00109240529127419,0.00040462785,0.026311882,2.7109072,0.0010924059,2.7098145
Train,77312,0.2832302153110504,0.0011063680285587907,0.0004172002,0.027048584,2.7151065,0.0011063684,2.7139997
Train,77568,0.27815335988998413,0.0010865365620702505,0.0003941908,0.025585553,2.7092476,0.0010865368,2.708161
Train,77824,0.2642085552215576,0.0010320646688342094,4.025145e-05,-0.026544878,2.7069948,0.0010320649,2.7059627
Train,78080,0.2609623968601227,0.0010193843627348542,0.00035847575,0.02332613,2.705695,0.0010193842,2.7046757
Train,78336,0.2533470094203949,0.0009896367555484176,0.00033220713,0.021357808,2.7110982,0.0009896371,2.7101085
Train,78592,0.26227322220802307,0.0010245047742500901,0.00035623144,0.022979783,2.7072005,0.0010245048,2.7061763
Train,78848,0.26988422870635986,0.0010542352683842182,2.0671114e-05,-0.034967914,2.7132225,0.0010542353,2.712168
Train,79104,0.30943024158477783,0.0012087118811905384,0.0004905504,0.03162039,2.7112021,0.001208712,2.7099934
Train,79360,0.3643615245819092,0.0014232872053980827,0.00069046667,0.042749316,2.7078109,0.0014232872,2.7063875
Train,79616,0.3779621720314026,0.0014764147344976664,0.00073903694,0.045196548,2.7110174,0.0014764152,2.7095408
Train,79872,0.37492677569389343,0.0014645577175542712,0.0007193423,0.044293918,2.707158,0.0014645576,2.7056935
Train,80128,0.35607436299324036,0.0013909154804423451,0.00035788628,0.009503355,2.7080722,0.0013909161,2.7066813
Train,80384,0.2967851459980011,0.0011593169765546918,0.00045659888,0.029538028,2.7020054,0.0011593173,2.7008457
Train,80640,0.26968294382095337,0.001053448999300599,1.6327378e-05,-0.03366508,2.7084181,0.0010534489,2.7073648
Train,80896,0.2564047574996948,0.001001581083983183,0.00033121248,0.021274017,2.7011633,0.0010015812,2.700162
Train,81152,0.25712770223617554,0.0010044050868600607,0.0002372639,0.0069104303,2.7032857,0.0010044052,2.7022815
Train,81408,0.31582626700401306,0.001233696355484426,0.0005389744,0.034301005,2.7087555,0.0012336962,2.707522
Train,81664,0.3832857012748718,0.001497209770604968,0.00077972,0.045935642,2.708442,0.0014972093,2.706945
Train,81920,0.41329190135002136,0.001614421489648521,0.00087269896,0.05104862,2.7085624,0.0016144221,2.706948
Train,82176,0.5246198773384094,0.002049296395853162,0.0015566468,0.07439556,2.703991,0.0020492966,2.7019417
Train,82432,0.719997763633728,0.00281249126419425,0.0027716267,0.10983717,2.7028143,0.002812492,2.700002
Train,82688,0.5381613373756409,0.002102192724123597,0.0017102084,0.07584196,2.7138739,0.0021021927,2.7117717
Train,82944,0.5074134469032288,0.0019820837769657373,0.0014230261,0.067579,2.7044625,0.0019820838,2.7024803
Train,83200,0.3303445875644684,0.0012904085451737046,0.00016258161,-0.0061166044,2.7119346,0.0012904082,2.710644
Train,83456,0.3326537013053894,0.0012994285207241774,0.0005728127,0.036305085,2.7184258,0.0012994286,2.7171264
Train,83712,0.24799585342407227,0.0009687338024377823,0.00031716115,0.020249031,2.710262,0.0009687338,2.7092934
Train,83968,0.2234150916337967,0.0008727152016945183,0.00026050073,0.015393991,2.7024057,0.00087271514,2.7015328
Train,84224,0.25269415974617004,0.0009870865615084767,0.00033980055,0.021570904,2.7115014,0.0009870866,2.7105143
Train,84480,0.2979287803173065,0.0011637842981144786,0.0004678131,0.030492999,2.7099743,0.001163784,2.7088103
Train,84736,0.33854928612709045,0.001322458148933947,0.0005964391,0.03762736,2.709035,0.0013224585,2.7077124
Train,84992,0.372726172208786,0.0014559616101905704,0.0007361631,0.04476595,2.7127051,0.0014559615,2.7112494
Train,85248,0.3883261978626251,0.0015168992104008794,0.0006356091,0.030323543,2.7102506,0.0015168989,2.7087336
Train,85504,0.3700771629810333,0.0014456139178946614,0.0007106853,0.04367645,2.7113185,0.0014456137,2.7098727
Train,85760,0.39600569009780884,0.0015468972269445658,0.00081041455,0.048569847,2.7089136,0.001546897,2.7073665
Train,86016,0.36029839515686035,0.0014074156060814857,0.00066654827,0.04119238,2.7121966,0.0014074158,2.7107892
Train,86272,0.3435278832912445,0.0013419057941064239,0.00044558063,0.013396934,2.7023365,0.0013419061,2.7009945
Train,86528,0.36493414640426636,0.0014255240093916655,0.0006803876,0.04212071,2.705576,0.0014255241,2.7041504
Train,86784,0.2978118658065796,0.0011633276008069515,0.00045465305,0.029355638,2.7108288,0.0011633283,2.7096653
Train,87040,0.28009095788002014,0.0010941053042188287,0.0004039299,0.026408164,2.6958346,0.001094105,2.6947408
Train,87296,0.2710038125514984,0.0010586086427792907,0.00037379353,0.023982601,2.709399,0.0010586085,2.7083402
Train,87552,0.24724365770816803,0.0009657955379225314,0.00031408237,0.01998392,2.709466,0.0009657953,2.7085004
Train,87808,0.23881466686725616,0.0009328697924502194,0.00015871062,-0.021862032,2.7109814,0.00093286997,2.7100487
Train,88064,0.23263004422187805,0.0009087111102417111,0.00027808745,0.017134782,2.712421,0.000908711,2.711512
Train,88320,0.2363242357969284,0.0009231415460817516,0.00028546315,0.017798895,2.7071471,0.0009231415,2.706224
Train,88576,0.2266545295715332,0.0008853692561388016,0.00026414057,0.01581571,2.7040367,0.000885369,2.7031515
Train,88832,0.23100236058235168,0.0009023529710248113,0.00012401107,-0.028299093,2.7070627,0.0009023527,2.7061603
Train,89088,0.23075424134731293,0.0009013837552629411,5.2032905e-05,-0.04511058,2.7060597,0.000901384,2.7051585
Train,89344,0.26992741227149963,0.0010544039541855454,0.00022836283,-0.0030023046,2.705272,0.001054404,2.704218
Train,89600,0.30022481083869934,0.0011727531673386693,0.00045315566,0.028939256,2.7019491,0.0011727533,2.7007763
Train,89856,0.3287335932254791,0.0012841155985370278,0.00056867837,0.035699006,2.7041435,0.0012841154,2.7028592
Train,90112,0.3159937560558319,0.0012343506095930934,0.0005305917,0.03338741,2.7137194,0.0012343504,2.7124848
Train,90368,0.2870756983757019,0.0011213894467800856,0.00043222864,0.026644193,2.7089648,0.0011213893,2.7078435
Train,90624,0.24127115309238434,0.0009424654417671263,0.00030464638,0.018746207,2.7084994,0.0009424656,2.707557
Train,90880,0.2978895902633667,0.0011636312119662762,0.00024273118,0.0014364831,2.7030673,0.001163631,2.7019036
Train,91136,0.254937082529068,0.0009958479786291718,0.00036039192,0.022572266,2.7078238,0.0009958479,2.706828
Train,91392,0.2514360249042511,0.0009821719722822309,0.00024737362,0.008027576,2.703443,0.0009821719,2.7024612
Train,91648,0.2637723684310913,0.0010303608141839504,5.90298e-05,-0.018844085,2.7056875,0.001030361,2.7046573
Train,91904,0.2544875741004944,0.0009940920863300562,0.00037391204,0.022264946,2.7056909,0.0009940919,2.7046967
Train,92160,0.25414907932281494,0.0009927698411047459,0.0003587081,0.021947807,2.709655,0.0009927703,2.708662
Train,92416,0.24299880862236023,0.0009492140961810946,0.0002966071,0.01832156,2.7049334,0.00094921375,2.7039843
Train,92672,0.310443252325058,0.0012126689543947577,0.0005099096,0.032377116,2.7063165,0.0012126695,2.7051036
Train,92928,0.3128984570503235,0.0012222595978528261,0.00051484525,0.032875,2.702682,0.0012222595,2.70146
Train,93184,0.29658830165863037,0.0011585480533540249,0.0001778125,-0.0023420062,2.709475,0.0011585476,2.7083168
Train,93440,0.2866983711719513,0.0011199155123904347,0.00045075553,0.028767498,2.7042863,0.0011199154,2.7031665
Train,93696,0.3720984160900116,0.0014535094378516078,0.00070531893,0.042184286,2.699305,0.0014535096,2.6978517
Train,93952,0.36604997515678406,0.0014298827154561877,0.0007427285,0.043319322,2.7102456,0.0014298826,2.7088156
Train,94208,0.40186482667922974,0.0015697844792157412,0.00024290422,-0.005034087,2.702456,0.001569784,2.700886
Train,94464,0.4296276867389679,0.0016782331513240933,0.00095779356,0.05354769,2.7011707,0.0016782328,2.6994925
Train,94720,0.3203533887863159,0.0012513804249465466,0.00059640134,0.031587,2.7024245,0.0012513804,2.7011733
Train,94976,0.4774131774902344,0.001864895224571228,0.0012482784,0.066471875,2.7014947,0.001864895,2.6996298
Train,95232,0.4523901641368866,0.0017671490786597133,0.00026593957,-0.010598209,2.6962433,0.001767149,2.6944761
Train,95488,0.5269472002983093,0.002058387501165271,0.0014902311,0.07345371,2.6991627,0.0020583873,2.6971045
Train,95744,0.5413099527359009,0.002114492002874613,0.0016096629,0.077150196,2.706708,0.002114492,2.7045932
Train,96000,0.6211435794830322,0.0024263421073555946,0.0020223588,0.09046969,2.710587,0.0024263428,2.7081606
Train,96256,0.6506476402282715,0.0025415923446416855,0.002099468,0.09192845,2.700323,0.0025415923,2.6977816
Train,96512,0.4800335764884949,0.001875131158158183,0.0001558307,-0.022320712,2.7081072,0.0018751308,2.706232
Train,96768,0.4473312199115753,0.001747387577779591,0.0010410203,0.05830144,2.6994534,0.0017473883,2.697706
Train,97024,0.4808844327926636,0.001878454815596342,0.0012213944,0.06537904,2.7067142,0.0018784548,2.7048357
Train,97280,0.5359383225440979,0.0020935090724378824,0.0006783559,0.010341171,2.7095406,0.0020935102,2.707447
Train,97536,0.517596960067749,0.0020218631252646446,0.0013953699,0.07086719,2.703904,0.0020218627,2.701882
Train,97792,0.5378147959709167,0.0021008390467613935,0.0016065091,0.07778032,2.70198,0.0021008393,2.6998792
Train,98048,0.49716678261756897,0.0019420577445998788,0.0014037354,0.06892336,2.7029798,0.0019420574,2.701038
Train,98304,0.5336863994598389,0.0020847124978899956,0.0006451951,0.000759298,2.7060688,0.002084712,2.7039843
Train,98560,0.5397111177444458,0.0021082465536892414,0.0017565702,0.07834602,2.7062461,0.0021082475,2.7041376
Train,98816,0.6515762209892273,0.002545219613239169,0.002578154,0.09813152,2.704567,0.0025452203,2.7020218
Train,99072,0.4895152747631073,0.0019121690420433879,0.0011652897,0.060569085,2.7047825,0.0019121688,2.7028704
Train,99328,0.5847249627113342,0.0022840818855911493,0.00022122166,-0.023567338,2.6890516,0.0022840812,2.6867678
Train,99584,0.5262694954872131,0.0020557402167469263,0.0015684112,0.075982444,2.7044096,0.0020557395,2.702354
Train,99840,0.44626498222351074,0.0017432225868105888,0.00016933843,-0.017376427,2.7022686,0.0017432224,2.7005258
Train,100096,0.46557170152664185,0.0018186394590884447,0.00019707691,-0.015682854,2.6938589,0.0018186397,2.6920402
Train,100352,0.5581997036933899,0.0021804675925523043,0.0017450955,0.077946246,2.7068167,0.0021804683,2.704636
Train,100608,0.5244448781013489,0.002048612805083394,0.0014907119,0.07197672,2.7018871,0.002048613,2.6998382
Train,100864,0.7073343396186829,0.00276302476413548,0.0028548255,0.1095217,2.700348,0.0027630255,2.6975846
Train,101120,0.5865761041641235,0.0022913129068911076,0.001811842,0.07895818,2.6968658,0.0022913138,2.6945746
Train,101376,0.6547844409942627,0.0025577517226338387,0.001360405,0.0270673,2.6976857,0.002557752,2.695128
Train,101632,0.6721509695053101,0.0026255897246301174,0.0026602468,0.10660721,2.698785,0.002625589,2.6961594
Train,101888,0.824640691280365,0.0032212527003139257,0.0036918852,0.12955606,2.694848,0.003221252,2.6916268
Train,102144,0.5971866846084595,0.002332760486751795,0.0019931798,0.08875221,2.6940856,0.00233276,2.691753
Train,102400,0.6938948035240173,0.0027105265762656927,0.0031004525,0.11073027,2.703119,0.0027105259,2.7004085
Train,102656,0.8591923117637634,0.003356219967827201,2.0502252e-05,-0.036555022,2.6971245,0.0033562193,2.6937685
Train,102912,0.8444321751594543,0.0032985631842166185,0.0041112057,0.13328789,2.699695,0.003298564,2.6963966
Train,103168,0.9442870616912842,0.003688621334731579,0.0049929037,0.14504044,2.703112,0.00368862,2.6994233
Train,103424,0.7024879455566406,0.0027440935373306274,0.0023522633,0.09534965,2.7046466,0.002744093,2.7019024
Train,103680,0.6014627814292908,0.002349463989958167,0.0019311737,0.08354311,2.6971493,0.0023494652,2.6947997
Train,103936,0.6507611274719238,0.0025420356541872025,0.0023609388,0.09894383,2.7019525,0.0025420357,2.6994104
Train,104192,0.6673449873924255,0.0026068163570016623,0.0023512568,0.09976207,2.6968474,0.0026068166,2.6942406
Train,104448,0.7619932293891907,0.002976536052301526,0.0029321327,0.11504074,2.7076197,0.0029765356,2.7046432
Train,104704,0.6357009410858154,0.0024832068011164665,0.0012598112,0.042214256,2.7061012,0.0024832073,2.703618
Train,104960,0.7082429528236389,0.0027665740344673395,0.0026737256,0.10809338,2.7089705,0.0027665743,2.706204
Train,105216,0.5068420767784119,0.0019798518624156713,0.0012829618,0.065925434,2.6984124,0.0019798514,2.6964326
Train,105472,0.5321203470230103,0.002078595105558634,0.0015387479,0.0755573,2.694995,0.002078595,2.6929164
Train,105728,0.6899304986000061,0.002695041010156274,0.0015863049,0.037936307,2.6967702,0.0026950417,2.694075
Train,105984,0.6066929697990417,0.002369894413277507,0.002418079,0.09336514,2.691432,0.0023698949,2.689062
Train,106240,0.6880223155021667,0.002687587169930339,0.0026892298,0.1050462,2.7115517,0.0026875867,2.708864
Train,106496,0.46367910504341125,0.0018112465040758252,0.0013513046,0.060720198,2.702188,0.0018112465,2.7003765
Train,106752,0.6726288199424744,0.0026274563279002905,0.00017144594,-0.060085222,2.6946416,0.0026274552,2.692014
Train,107008,0.586245059967041,0.002290019765496254,0.0017948878,0.083232164,2.704474,0.0022900198,2.7021842
Train,107264,0.5254225730895996,0.0020524319261312485,0.0014835112,0.06903289,2.7025616,0.0020524324,2.700509
Train,107520,0.661821722984314,0.0025852411054074764,0.002104664,0.08877309,2.6994,0.0025852416,2.6968145
Train,107776,0.674592912197113,0.002635128563269973,0.0024420894,0.10216594,2.7038643,0.002635128,2.701229
Train,108032,0.7376530170440674,0.002881457097828388,0.0027366476,0.11131409,2.692089,0.0028814564,2.6892076
Train,108288,0.7026402354240417,0.002744688419625163,0.0026256116,0.10844551,2.6945815,0.0027446877,2.6918368
Train,108544,0.7314197421073914,0.0028571083676069975,0.0024504787,0.09166563,2.6980276,0.0028571086,2.6951706
Train,108800,0.7310229539871216,0.0028555584140121937,0.0028959434,0.11281694,2.6906981,0.0028555596,2.6878424
Train,109056,0.8803337812423706,0.00343880383297801,0.0042673857,0.13496765,2.695907,0.0034388038,2.6924686
Train,109312,0.8085504174232483,0.0031584000680595636,0.0038162128,0.13123423,2.6944745,0.0031583996,2.6913161
Train,109568,0.9046456813812256,0.0035337721928954124,0.003410985,0.09229404,2.6940577,0.0035337715,2.690524
Train,109824,0.8492637276649475,0.003317436436191201,0.004152272,0.12626472,2.701519,0.0033174374,2.6982017
Train,110080,0.802345871925354,0.003134163562208414,0.0042197127,0.13063905,2.695509,0.0031341626,2.6923747
Train,110336,0.8153408169746399,0.003184925066307187,0.0021188387,0.050372593,2.7059996,0.0031849248,2.7028148
Train,110592,1.4587488174438477,0.00569823756814003,0.0109365275,0.24801698,2.6940198,0.005698235,2.6883216
Train,110848,1.2555044889450073,0.004904314409941435,0.008327959,0.21354863,2.710662,0.004904314,2.7057576
Train,111104,1.1564922332763672,0.004517547786235809,0.007419007,0.19938962,2.688168,0.004517548,2.6836505
Train,111360,1.2576565742492676,0.0049127209931612015,0.0055287825,0.10822938,2.6988,0.0049127205,2.6938872
Train,111616,1.1078898906707764,0.00432769488543272,0.0067226198,0.1853858,2.6966228,0.004327694,2.692295
Train,111872,1.1558336019515991,0.004514975007623434,0.0074559054,0.19731015,2.699779,0.0045149745,2.6952639
Train,112128,1.0427145957946777,0.00407310388982296,0.005780497,0.16822785,2.7009206,0.004073105,2.6968474
Train,112384,1.3786938190460205,0.005385522730648518,0.011119208,0.2375509,2.6940978,0.0053855227,2.6887124
Train,112640,1.0911890268325806,0.004262457136064768,0.0061904034,0.1195534,2.6947803,0.0042624576,2.690518
Train,112896,1.140799880027771,0.0044562495313584805,0.0074442704,0.19532493,2.6938667,0.004456249,2.6894104
Train,113152,0.8012048006057739,0.0031297062523663044,0.0033284747,0.123631865,2.7104962,0.0031297067,2.7073665
Train,113408,1.0082085132598877,0.003938314504921436,0.005251753,0.15899785,2.6845672,0.0039383154,2.6806293
Train,113664,0.9008948802947998,0.0035191206261515617,0.0036769705,0.07398718,2.6877756,0.0035191225,2.6842566
Train,113920,0.6529297828674316,0.002550506964325905,0.0023135508,0.10039901,2.6956744,0.0025505074,2.6931238
Train,114176,0.8339998126029968,0.0032578117679804564,0.0037190798,0.12888943,2.6975837,0.003257812,2.694326
Train,114432,0.9457702040672302,0.003694414859637618,0.004712663,0.14897212,2.6776605,0.0036944135,2.6739664
Train,114688,0.8766867518424988,0.003424557624384761,0.002267147,0.013604421,2.699947,0.0034245586,2.6965227
Train,114944,1.1358311176300049,0.004436840303242207,0.008143842,0.19457155,2.695825,0.004436841,2.6913881
Train,115200,0.9703495502471924,0.0037904279306530952,0.00572755,0.14931434,2.6966608,0.0037904286,2.6928701
Train,115456,0.973425030708313,0.0038024415262043476,0.0063537704,0.16598466,2.6930418,0.00380244,2.6892393
Train,115712,1.0262043476104736,0.004008610732853413,0.0018136639,0.002763128,2.693191,0.0040086107,2.6891823
Train,115968,1.0279432535171509,0.004015403334051371,0.005137603,0.14742601,2.694386,0.004015402,2.6903706
Train,116224,0.9951272010803223,0.003887215629220009,0.0057669915,0.16803622,2.7048104,0.0038872147,2.700923
Train,116480,1.073850393295288,0.004194728098809719,0.004151771,0.089087754,2.7042212,0.0041947276,2.7000263
Train,116736,1.0892925262451172,0.004255048930644989,0.0063458784,0.18338965,2.6874883,0.00425505,2.6832333
Train,116992,0.8957954049110413,0.003499200800433755,0.0042009577,0.1396756,2.699338,0.0034992015,2.695839
Train,117248,0.8771960139274597,0.0034265469294041395,0.0051019615,0.14843415,2.6841443,0.003426548,2.6807177
Train,117504,0.9985669255256653,0.00390065205283463,0.0026767293,0.0688085,2.687722,0.0039006528,2.6838212
Train,117760,1.14369797706604,0.004467570222914219,0.007930092,0.19621557,2.6958954,0.0044675684,2.6914277
Train,118016,1.009844183921814,0.003944703843444586,0.0062123076,0.16718338,2.6837554,0.0039447034,2.6798108
Train,118272,1.1437824964523315,0.00446790037676692,0.0071030194,0.18452168,2.6901245,0.0044679027,2.6856565
Train,118528,1.336315393447876,0.0052199820056557655,0.010257784,0.23186593,2.6786985,0.005219983,2.6734786
Train,118784,1.2685362100601196,0.004955219570547342,0.009146649,0.214525,2.701281,0.004955218,2.6963258
Train,119040,0.8257580399513245,0.003225617343559861,0.0007225313,-0.013690436,2.688821,0.003225617,2.6855953
Train,119296,0.697282612323761,0.0027237602043896914,0.0024869642,0.10365556,2.6888323,0.0027237595,2.6861084
Train,119552,0.5759408473968506,0.0022497689351439476,0.0018409534,0.0818906,2.6842723,0.0022497685,2.6820226
Train,119808,0.5470811128616333,0.002137035597115755,0.0020472538,0.083344765,2.694467,0.0021370356,2.6923301
Train,120064,1.1126554012298584,0.004346310161054134,0.0002824177,-0.044029035,2.6845942,0.0043463106,2.6802475
Train,120320,0.9558581709861755,0.003733820980414748,0.00031508217,-0.044505797,2.6971173,0.0037338217,2.6933835
Train,120576,1.1047794818878174,0.004315544851124287,0.006546449,0.185381,2.691739,0.0043155453,2.6874237
Train,120832,0.9476135969161987,0.0037016156129539013,0.005152726,0.15050183,2.6849709,0.0037016147,2.6812692
Train,121088,1.4437847137451172,0.005639784038066864,0.011814693,0.25491142,2.6806405,0.005639786,2.6750007
Train,121344,1.368119478225708,0.005344216711819172,0.01039794,0.23673919,2.6966615,0.0053442167,2.691317
Train,121600,1.510029911994934,0.005898554343730211,0.00028162386,-0.02001509,2.671483,0.0058985557,2.6655846
Train,121856,1.0996224880218506,0.004295400343835354,0.0065846937,0.18352175,2.691805,0.0042953985,2.6875095
Train,122112,1.1564313173294067,0.004517309833317995,0.0077281687,0.20247945,2.6850452,0.00451731,2.6805282
Train,122368,1.6660995483398438,0.006508201360702515,0.016422935,0.29821643,2.685164,0.006508201,2.6786556
Train,122624,1.8709028959274292,0.00730821443721652,0.021986444,0.33336496,2.6832938,0.007308212,2.6759856
Train,122880,2.462376594543457,0.009618658572435379,0.033943623,0.44282767,2.665567,0.009618658,2.6559482
Train,123136,1.702756404876709,0.0066513922065496445,0.0035471744,0.040477652,2.7021556,0.0066513894,2.6955042
Train,123392,1.0292556285858154,0.0040205297991633415,0.007120045,0.16213009,2.684877,0.0040205307,2.6808562
Train,123648,1.6484090089797974,0.0064390976913273335,0.0149653135,0.28729695,2.6948962,0.006439097,2.6884573
Train,123904,1.5417559146881104,0.006022484041750431,0.012429686,0.25844482,2.6744084,0.0060224854,2.668386
Train,124160,1.2943925857543945,0.005056221038103104,0.0016880498,-0.02597667,2.686882,0.005056223,2.6818256
Train,124416,1.3257522583007812,0.005178719758987427,0.0037158686,0.069419414,2.6880984,0.005178722,2.68292
Train,124672,1.3649295568466187,0.005331756081432104,0.010975522,0.24420026,2.6956098,0.0053317565,2.690278
Train,124928,1.7808427810668945,0.006956417113542557,0.015853943,0.30285636,2.666802,0.006956414,2.6598456
Train,125184,1.5353413820266724,0.005997427273541689,0.01333092,0.26350567,2.6789606,0.0059974287,2.6729631
Train,125440,1.6999439001083374,0.006640405859798193,0.00947909,0.124956064,2.676519,0.006640404,2.6698787
Train,125696,1.9823551177978516,0.007743574678897858,0.021839794,0.34677744,2.666297,0.007743574,2.6585536
Train,125952,2.4755120277404785,0.009669968858361244,0.03145905,0.43650207,2.692677,0.009669967,2.6830072
Train,126208,2.1893537044525146,0.008552162908017635,0.02677964,0.37448552,2.6743617,0.008552159,2.6658096
Train,126464,2.3710060119628906,0.009261742234230042,0.034630556,0.44537213,2.662059,0.009261739,2.6527972
Train,126720,2.2212705612182617,0.008676838129758835,0.02804208,0.40834388,2.6772704,0.008676834,2.6685934
Train,126976,2.0430195331573486,0.007980545051395893,0.0042241146,-0.026361398,2.6816049,0.007980545,2.6736245
Train,127232,3.0673065185546875,0.011981666088104248,0.047750495,0.5370455,2.678002,0.011981667,2.6660204
Train,127488,2.2335710525512695,0.008724886924028397,0.030650767,0.40584582,2.6992426,0.008724886,2.690518
Train,127744,1.710611343383789,0.006682075560092926,0.004011398,0.028037399,2.6855166,0.0066820746,2.6788344
Train,128000,1.4045794010162354,0.005486638285219669,0.010131944,0.22829688,2.674944,0.0054866364,2.6694572
Train,128256,1.8822377920150757,0.007352491375058889,0.018987086,0.3364866,2.6679802,0.007352495,2.6606276
Train,128512,1.326971411705017,0.005183482076972723,0.01017886,0.23653936,2.6862388,0.0051834844,2.681055
Train,128768,1.567051649093628,0.006121295504271984,0.009218797,0.16463016,2.6771324,0.0061212946,2.6710112
Train,129024,1.7933024168014526,0.007005087565630674,0.017307416,0.3113849,2.6764367,0.007005086,2.6694314
Train,129280,1.5493199825286865,0.006052031181752682,0.0018159726,-0.012215747,2.6657698,0.006052033,2.6597176
Train,129536,1.6150836944580078,0.006308920681476593,0.013645168,0.27829042,2.6686378,0.0063089207,2.6623287
Train,129792,1.8910013437271118,0.0073867239989340305,0.01851325,0.3199253,2.6640382,0.007386726,2.6566513
Train,130048,1.698422908782959,0.0066344644874334335,0.015425455,0.2909534,2.6815581,0.0066344664,2.6749234
Train,130304,2.033897876739502,0.00794491358101368,0.00081659306,-0.038700555,2.6627955,0.007944914,2.6548507
Train,130560,2.3469276428222656,0.009167686104774475,0.031274445,0.4266893,2.678594,0.00916769,2.6694264
Train,130816,2.424441337585449,0.009470473974943161,0.03176211,0.43857944,2.6689782,0.009470478,2.6595078
Train,131072,2.4439966678619385,0.009546861983835697,0.015767058,0.17371276,2.667183,0.009546861,2.6576362
Train,131328,1.0298855304718018,0.004022990353405476,0.0076452624,0.16367643,2.6759272,0.004022991,2.671904
Train,131584,1.929975152015686,0.007538965437561274,0.024157217,0.33300802,2.6865656,0.007538966,2.6790266
Train,131840,1.854265570640564,0.007243224885314703,0.020331856,0.32820237,2.668495,0.0072432244,2.661252
Train,132096,3.0219833850860596,0.01180462259799242,0.040510435,0.29958573,2.6875951,0.011804625,2.6757903
Train,132352,2.0705769062042236,0.008088191039860249,0.026119087,0.37711504,2.6551182,0.008088189,2.6470299
Train,132608,2.0562076568603516,0.008032061159610748,0.02128911,0.34092262,2.6499674,0.008032062,2.6419353
Train,132864,2.3932385444641113,0.009348588064312935,0.027643805,0.4075706,2.6649463,0.009348586,2.6555977
Train,133120,2.131763458251953,0.008327201008796692,0.008123018,0.03927218,2.653843,0.0083272,2.645516
Train,133376,2.5254786014556885,0.009865150786936283,0.033085063,0.4320202,2.6557426,0.009865151,2.6458776
Train,133632,2.454284429550171,0.009587048552930355,0.030673135,0.4386102,2.6605687,0.0095870495,2.650982
Train,133888,2.0947561264038086,0.008182641118764877,0.025005806,0.3497882,2.6879184,0.008182642,2.679736
Train,134144,2.4899139404296875,0.009726226329803467,0.0318743,0.43884143,2.657625,0.009726224,2.647899
Train,134400,2.538349151611328,0.00991542637348175,0.03838863,0.46278095,2.6692002,0.009915425,2.6592848
Train,134656,2.622041940689087,0.010242351330816746,0.037716392,0.46621835,2.6503372,0.010242345,2.6400948
Train,134912,2.517059087753296,0.009832262061536312,0.01832945,0.0970071,2.6673732,0.009832258,2.6575408
Train,135168,2.066370964050293,0.008071761578321457,0.025291162,0.38943982,2.6866422,0.008071762,2.6785705
Train,135424,2.733837842941284,0.010679054073989391,0.03506083,0.4513329,2.6670573,0.010679053,2.656378
Train,135680,2.336777687072754,0.009128037840127945,0.033181615,0.43482587,2.667746,0.009128035,2.658618
Train,135936,2.8200769424438477,0.01101592555642128,0.005591957,-0.042984143,2.6305132,0.01101592,2.6194975
Train,136192,2.11600399017334,0.008265640586614609,0.02461177,0.38238138,2.6606903,0.00826564,2.6524248
Train,136448,2.5900466442108154,0.010117369703948498,0.038362484,0.47159716,2.6482835,0.010117371,2.6381662
Train,136704,1.8235938549041748,0.007123413495719433,0.017464012,0.30051598,2.6678457,0.007123412,2.6607223
Train,136960,1.6059175729751587,0.006273115519434214,0.01565737,0.29529446,2.6681561,0.0062731146,2.661883
Train,137216,1.9676567316055298,0.007686159107834101,0.01897438,0.30880567,2.6918538,0.0076861577,2.6841679
Train,137472,2.2005579471588135,0.008595929481089115,0.027530342,0.410426,2.6585379,0.0085959295,2.649942
Train,137728,2.321119785308838,0.009066874161362648,0.027876701,0.40262717,2.667711,0.009066872,2.6586442
Train,137984,1.7523674964904785,0.006845185533165932,0.016534107,0.30536392,2.6666179,0.0068451846,2.6597726
Train,138240,2.0748040676116943,0.008104703389108181,0.020221766,0.31721637,2.6497083,0.0081047015,2.6416035
Train,138496,2.1577255725860596,0.008428615517914295,0.023582691,0.37505007,2.6347847,0.008428614,2.6263561
Train,138752,2.2643144130706787,0.008844978176057339,0.02743591,0.41054735,2.6405845,0.008844975,2.6317394
Train,139008,2.3232460021972656,0.009075179696083069,0.026607396,0.4026508,2.6641424,0.009075178,2.655067
Train,139264,2.375854015350342,0.009280679747462273,0.025579553,0.31539312,2.6498682,0.009280681,2.6405873
Train,139520,2.25304913520813,0.008800973184406757,0.024658935,0.38675028,2.6700234,0.008800976,2.661223
Train,139776,3.171063184738159,0.012386965565383434,0.054328687,0.5756459,2.6513019,0.012386968,2.638915
Train,140032,2.695279598236084,0.010528435930609703,0.039786596,0.4996559,2.6539755,0.010528438,2.643447
Train,140288,2.204227924346924,0.008610265329480171,0.027891405,0.3914158,2.690566,0.008610265,2.6819558
Train,140544,2.282515525817871,0.008916076272726059,0.0044000275,-0.12993643,2.6594048,0.008916075,2.6504889
Train,140800,2.6481149196624756,0.010344198904931545,0.02477252,0.25111625,2.6601005,0.010344202,2.649756
Train,141056,2.7065491676330566,0.010572457686066628,0.007193168,-0.088619776,2.6546717,0.010572462,2.6440992
Train,141312,2.4600088596343994,0.009609409607946873,0.031943046,0.44510797,2.6489253,0.009609411,2.6393158
Train,141568,2.364983558654785,0.009238217025995255,0.017284628,0.14419097,2.6547868,0.009238218,2.6455488
Train,141824,2.3288204669952393,0.009096954949200153,0.0020413091,-0.05437722,2.6475422,0.009096952,2.6384454
Train,142080,2.05018949508667,0.008008552715182304,0.024067963,0.37149632,2.6812036,0.008008555,2.6731951
Train,142336,2.30277156829834,0.00899520143866539,0.027357832,0.41141996,2.646636,0.0089952005,2.6376405
Train,142592,2.3653037548065186,0.009239467792212963,0.031531103,0.4339266,2.6557932,0.009239471,2.646554
Train,142848,2.1289567947387695,0.008316237479448318,0.021129373,0.34785828,2.6419199,0.0083162375,2.6336036
Train,143104,1.9992581605911255,0.007809602189809084,0.022092398,0.36440414,2.6733694,0.0078096027,2.6655598
Train,143360,1.9972970485687256,0.007801941595971584,0.0234612,0.35829338,2.6433613,0.007801942,2.6355596
Train,143616,1.509932041168213,0.005898172035813332,0.012121967,0.23267162,2.6658347,0.0058981744,2.6599367
Train,143872,2.028306722640991,0.007923073135316372,0.022912491,0.37041834,2.6550226,0.007923071,2.6470995
Train,144128,2.172023057937622,0.008484465070068836,0.025321718,0.3846673,2.6216078,0.008484464,2.6131234
Train,144384,2.63985538482666,0.010311935096979141,0.038600437,0.48735622,2.6748595,0.010311931,2.6645474
Train,144640,2.156437873840332,0.008423585444688797,0.010161992,0.19136956,2.6632075,0.008423584,2.6547837
Train,144896,2.288316249847412,0.008938735350966454,0.027560862,0.40629175,2.642089,0.0089387335,2.63315
Train,145152,2.4697813987731934,0.009647583588957787,0.03339462,0.4498192,2.6563847,0.00964758,2.646737
Train,145408,2.6489226818084717,0.010347354225814342,0.035895113,0.4644685,2.613829,0.010347355,2.6034813
Train,145664,2.743548631668091,0.01071698684245348,0.03311207,0.3902292,2.6374264,0.010716988,2.6267092
Train,145920,3.0503220558166504,0.01191532053053379,0.05045718,0.56228155,2.640342,0.011915324,2.6284266
Train,146176,2.3571512699127197,0.009207622148096561,0.027738634,0.4028694,2.6788983,0.009207621,2.6696908
Train,146432,2.823289155960083,0.011028473265469074,0.042556006,0.5125725,2.647391,0.011028471,2.6363626
Train,146688,3.431621551513672,0.01340477168560028,0.059231695,0.6111203,2.639952,0.013404768,2.6265473
Train,146944,2.817704916000366,0.01100665982812643,0.045283046,0.52968776,2.641722,0.01100666,2.6307151
Train,147200,3.0505497455596924,0.011916209943592548,0.049792584,0.55428606,2.646512,0.011916209,2.6345959
Train,147456,2.4428515434265137,0.009542388841509819,0.011058017,0.12782681,2.6431026,0.009542388,2.6335604
Train,147712,3.05755877494812,0.011943588964641094,0.03929761,0.41544417,2.6355467,0.011943594,2.6236029
Train,147968,2.7901792526245117,0.010899137705564499,0.038406394,0.47104582,2.6516218,0.010899135,2.6407228
Train,148224,3.0393245220184326,0.011872361414134502,0.059420284,0.57843775,2.647201,0.0118723605,2.6353285
Train,148480,2.929551839828491,0.011443561874330044,0.043883152,0.4924827,2.655385,0.011443562,2.6439414
Train,148736,2.4489715099334717,0.009566294960677624,0.03363754,0.45431954,2.656521,0.009566294,2.6469548
Train,148992,2.2257440090179443,0.008694312535226345,0.024763158,0.38307416,2.6389246,0.008694317,2.63023
Train,149248,2.4808108806610107,0.009690667502582073,0.0047078626,-0.083795406,2.6535,0.009690665,2.6438096
Train,149504,2.5397748947143555,0.009920995682477951,0.034325548,0.45665973,2.6228495,0.009920999,2.6129284
Train,149760,2.4638540744781494,0.009624429978430271,0.032867752,0.4479207,2.6475449,0.00962443,2.6379201
Train,150016,2.530418634414673,0.009884447790682316,0.034513734,0.46197006,2.6455102,0.009884452,2.6356258
Train,150272,2.594411611557007,0.010134420357644558,0.003647513,-0.103498995,2.6411295,0.010134422,2.630995
Train,150528,2.602665901184082,0.01016666367650032,0.035552345,0.46401477,2.6375632,0.010166666,2.6273966
Train,150784,2.3080732822418213,0.009015911258757114,0.03016797,0.4216783,2.6557078,0.009015907,2.6466918
Train,151040,2.7234139442443848,0.010638335719704628,0.037161328,0.4734985,2.6531746,0.010638336,2.6425364
Train,151296,2.4082372188568115,0.00940717663615942,0.031244652,0.4366623,2.6428351,0.009407178,2.6334279
Train,151552,3.093590259552002,0.012084336951375008,0.052006077,0.5723432,2.6525698,0.012084335,2.6404853
Train,151808,2.6054890155792236,0.010177691467106342,0.020437911,0.23409769,2.6187868,0.010177694,2.6086092
Train,152064,2.623915433883667,0.010249669663608074,0.034149747,0.45322898,2.6204736,0.010249672,2.610224
Train,152320,2.6769864559173584,0.010456978343427181,0.036636643,0.47621927,2.646049,0.010456979,2.635592
Train,152576,2.407083749771118,0.00940267089754343,0.033808403,0.45278224,2.6626558,0.009402667,2.6532528
Train,152832,3.090698003768921,0.012073039077222347,0.053319253,0.57434726,2.6263742,0.01207304,2.6143012
Train,153088,2.8040859699249268,0.010953460820019245,0.037814863,0.48492646,2.6260428,0.010953463,2.6150894
Train,153344,3.042710065841675,0.011885586194694042,0.0496376,0.55390644,2.6179867,0.011885588,2.606101
Train,153600,3.154648780822754,0.012322846800088882,0.057584226,0.60254925,2.6343057,0.012322841,2.6219828
Train,153856,2.5293383598327637,0.009880227968096733,0.035116144,0.4480332,2.6446643,0.009880224,2.6347842
Train,154112,2.0883467197418213,0.00815760437399149,0.02524779,0.37426856,2.6521857,0.008157603,2.644028
Train,154368,2.4797661304473877,0.009686586447060108,0.0019630594,-0.07787074,2.6106622,0.009686588,2.6009755
Train,154624,3.134162664413452,0.012242822907865047,0.053175166,0.5803679,2.6160326,0.012242822,2.6037898
Train,154880,3.6074652671813965,0.01409166119992733,0.07170566,0.680632,2.6432302,0.014091659,2.6291385
Train,155136,5.457394599914551,0.021317947655916214,0.1627875,1.028223,2.6120477,0.021317948,2.5907295
Train,155392,3.5935661792755127,0.014037367887794971,0.0035564417,-0.121461794,2.6395411,0.014037365,2.6255035
Train,155648,3.8539130687713623,0.015054347924888134,0.07802729,0.69717723,2.6391249,0.015054347,2.6240706
Train,155904,2.4322471618652344,0.009500965476036072,0.034599952,0.43808284,2.6510353,0.0095009655,2.6415343
Train,156160,1.978768229484558,0.007729563396424055,0.019577377,0.2932385,2.6385152,0.007729561,2.6307855
Train,156416,3.4200191497802734,0.013359449803829193,0.037289727,0.32320353,2.6247678,0.013359452,2.6114082
Train,156672,2.6235945224761963,0.010248416103422642,0.039610878,0.49715728,2.6412678,0.010248415,2.6310194
Train,156928,2.8769495487213135,0.01123808417469263,0.0384766,0.4949252,2.6286595,0.011238085,2.6174212
Train,157184,2.4623658657073975,0.009618616662919521,0.034537658,0.46200672,2.6544595,0.0096186185,2.6448412
Train,157440,2.377631187438965,0.009287621825933456,0.014807468,0.13711007,2.643012,0.009287622,2.6337245
Train,157696,2.291347026824951,0.008950574323534966,0.010960087,0.0734902,2.622386,0.008950576,2.6134353
Train,157952,2.22377872467041,0.00868663564324379,0.026301753,0.39650205,2.633311,0.008686635,2.6246243
Train,158208,2.1614668369293213,0.008443229831755161,0.024728715,0.38503253,2.6379883,0.008443231,2.629545
Train,158464,2.9299464225769043,0.011445103213191032,0.04511245,0.5191739,2.6343045,0.011445105,2.6228595
Train,158720,2.4574930667877197,0.00959958229213953,0.01148881,0.079261914,2.6286714,0.009599581,2.619072
Train,158976,2.3520116806030273,0.009187545627355576,0.027433643,0.4105791,2.6412344,0.009187542,2.6320467
Train,159232,2.0282137393951416,0.007922709919512272,0.018957566,0.26522082,2.6408145,0.007922711,2.632892
Train,159488,2.588606119155884,0.010111742652952671,0.033625394,0.45513913,2.6267724,0.010111742,2.6166608
Train,159744,2.371631622314453,0.009264186024665833,0.031637713,0.44235367,2.6292896,0.009264186,2.6200256
Train,160000,1.948160171508789,0.007610000669956207,0.020432245,0.34173685,2.6328583,0.0076100007,2.6252484
Train,160256,2.466149091720581,0.00963339488953352,0.0035476668,-0.0447504,2.6297445,0.009633396,2.620111
Train,160512,2.4963653087615967,0.009751426987349987,0.033264607,0.45306844,2.6099148,0.009751426,2.6001635
Train,160768,2.916815996170044,0.011393812485039234,0.045409903,0.5224218,2.6020105,0.011393804,2.5906165
Train,161024,2.680873394012451,0.010472161695361137,0.03695061,0.47413617,2.6374278,0.010472161,2.6269555
Train,161280,3.339632987976074,0.01304544135928154,0.0015432179,-0.046297017,2.6323822,0.013045443,2.6193364
Train,161536,2.5696845054626465,0.010037830099463463,0.040596984,0.47039625,2.6795802,0.010037826,2.6695423
Train,161792,3.35371470451355,0.013100448064506054,0.05750856,0.60454655,2.6100533,0.013100447,2.596953
Train,162048,3.1668338775634766,0.01237044483423233,0.053623967,0.5656748,2.624007,0.012370443,2.6116366
Train,162304,2.5305838584899902,0.009885093197226524,0.0014862433,-0.06699599,2.636495,0.009885091,2.62661
Train,162560,3.1383113861083984,0.012259028851985931,0.0559007,0.59314734,2.6261516,0.012259034,2.6138926
Train,162816,2.81294322013855,0.01098805945366621,0.044958647,0.51188695,2.6394763,0.01098806,2.628488
Train,163072,2.6513895988464355,0.010356990620493889,0.042893376,0.51164615,2.6371274,0.0103569925,2.6267705
Train,163328,2.9807863235473633,0.011643696576356888,0.04370147,0.5189447,2.644351,0.011643698,2.6327074
Train,163584,2.6126465797424316,0.010205650702118874,0.034994163,0.46383497,2.6375377,0.010205645,2.6273322
Train,163840,2.665877103805542,0.010413582436740398,0.04215739,0.48207426,2.6512504,0.01041358,2.6408367
Train,164096,2.166851043701172,0.008464261889457703,0.0036585499,0.030516528,2.6302,0.008464262,2.6217358
Train,164352,2.4004721641540527,0.009376844391226768,0.006495334,0.038075447,2.6199532,0.0093768425,2.6105764
Train,164608,2.3679401874542236,0.009249766357243061,0.032158233,0.43845782,2.6345265,0.009249767,2.6252766
Train,164864,2.161579132080078,0.008443668484687805,0.0076580457,0.093301184,2.6375942,0.0084436685,2.6291504
Train,165120,1.9856488704681396,0.0077564409002661705,0.021964505,0.35921705,2.6125894,0.007756442,2.6048331
Train,165376,2.211775779724121,0.008639749139547348,0.0030917,-0.047102463,2.626308,0.008639749,2.6176682
Train,165632,2.373433828353882,0.009271225892007351,0.028289732,0.41424233,2.6294568,0.009271228,2.6201854
Train,165888,2.2656099796295166,0.0088500389829278,0.026519349,0.3979305,2.623808,0.00885004,2.614958
Train,166144,1.6929665803909302,0.006613150704652071,0.015499658,0.2957769,2.6299717,0.006613151,2.6233587
Train,166400,1.9931732416152954,0.007785832975059748,0.0017014383,-0.039631963,2.6378536,0.0077858316,2.6300678
Train,166656,2.5502736568450928,0.009962006472051144,0.034341034,0.46356082,2.6099358,0.009962005,2.5999737
Train,166912,2.1355745792388916,0.00834208820015192,0.022833232,0.36982372,2.6280675,0.008342087,2.6197252
Train,167168,2.2453372478485107,0.008770848624408245,0.02638001,0.39011127,2.626976,0.008770848,2.618205
Train,167424,2.380107879638672,0.009297296404838562,0.0016121207,-0.057990678,2.6227665,0.0092973,2.6134691
Train,167680,2.56107759475708,0.010004209354519844,0.020713653,0.25802603,2.6314855,0.010004215,2.6214814
Train,167936,2.604962110519409,0.010175633244216442,0.038515218,0.48417002,2.6209736,0.010175632,2.610798
Train,168192,1.5607821941375732,0.0060968054458498955,0.013118202,0.24980444,2.630217,0.006096804,2.6241202
Train,168448,2.0326955318450928,0.007940216921269894,0.025287464,0.37504256,2.6373198,0.007940217,2.6293797
Train,168704,2.7662765979766846,0.010805767960846424,0.021177422,0.22693503,2.6318867,0.010805773,2.6210809
Train,168960,4.31157922744751,0.016842106357216835,0.10334641,0.82090354,2.6112294,0.016842106,2.5943875
Train,169216,4.045186519622803,0.015801509842276573,0.09173249,0.75095767,2.6261933,0.01580151,2.6103919
Train,169472,3.16325044631958,0.01235644705593586,0.054087915,0.57976913,2.6296222,0.012356449,2.6172657
Train,169728,3.6054294109344482,0.014083708636462688,0.034555502,0.27172408,2.5897899,0.0140837105,2.5757062
Train,169984,2.535270929336548,0.00990340206772089,0.03457337,0.44113812,2.6314342,0.009903401,2.6215308
Train,170240,3.0830280780792236,0.012043078429996967,0.053865857,0.5801506,2.6248171,0.012043079,2.6127741
Train,170496,3.0542702674865723,0.011930743232369423,0.051706485,0.5706286,2.6305559,0.011930745,2.6186252
Train,170752,2.948023796081543,0.011515717953443527,0.012964772,0.09823241,2.6448374,0.01151572,2.6333215
Train,171008,3.0235183238983154,0.011810618452727795,0.047910832,0.549279,2.63079,0.011810619,2.6189795
Train,171264,2.6700868606567383,0.010430026799440384,0.035906166,0.46712837,2.618915,0.010430025,2.608485
Train,171520,2.7505242824554443,0.01074423547834158,0.006728488,-0.0032531414,2.6102858,0.010744241,2.5995417
Train,171776,2.6733734607696533,0.010442865081131458,0.03834421,0.48523787,2.6321921,0.0104428595,2.6217494
Train,172032,2.2428081035614014,0.008760969154536724,0.028434202,0.41383004,2.6224742,0.00876097,2.6137133
Train,172288,2.4108357429504395,0.009417327120900154,0.032192588,0.43242314,2.6133428,0.009417327,2.6039252
Train,172544,2.520904779434204,0.00984728429466486,0.034695406,0.45445704,2.6075191,0.0098472815,2.5976717
Train,172800,2.1972203254699707,0.008582891896367073,0.026238246,0.40130615,2.6248868,0.008582894,2.616304
Train,173056,1.9893115758895874,0.007770748343318701,0.019237086,0.3240832,2.6392124,0.007770748,2.6314416
Train,173312,2.145601749420166,0.008381256833672523,0.025926154,0.38606542,2.6290572,0.008381255,2.620676
Train,173568,2.006739377975464,0.007838825695216656,0.024643715,0.35100594,2.6302981,0.0078388285,2.6224594
Train,173824,2.123638391494751,0.008295462466776371,0.014868027,0.19469967,2.6115594,0.008295462,2.6032639
Train,174080,2.611682653427124,0.010201885364949703,0.036286235,0.4776333,2.622295,0.010201885,2.612093
Train,174336,2.8107800483703613,0.010979609563946724,0.040186923,0.49760807,2.6119032,0.010979607,2.6009235
Train,174592,2.4025096893310547,0.009384803473949432,0.03148155,0.4328437,2.6448264,0.0093848035,2.6354418
Train,174848,2.739468812942505,0.01070105005055666,0.023692485,0.21531674,2.6121192,0.010701051,2.601418
Train,175104,3.4163968563079834,0.01334530021995306,0.06458947,0.64151376,2.626349,0.013345303,2.613004
Train,175360,3.520811080932617,0.013753168284893036,0.073388346,0.66729486,2.599465,0.013753163,2.5857117
Train,175616,3.014331102371216,0.011774730868637562,0.011187704,0.030371724,2.63622,0.011774734,2.6244452
Train,175872,2.5142412185668945,0.009821254760026932,0.0030420125,-0.11679101,2.6421957,0.009821255,2.6323743
Train,176128,2.786919593811035,0.010886404663324356,0.03412973,0.42459148,2.6219153,0.010886406,2.611029
Train,176384,2.3489482402801514,0.009175579063594341,0.0031320497,-0.06141803,2.6249483,0.009175578,2.6157727
Train,176640,2.8006575107574463,0.010940068401396275,0.037998825,0.48050496,2.6094737,0.010940064,2.5985334
Train,176896,2.5131494998931885,0.009816990233957767,0.034933746,0.46214545,2.6035733,0.009816995,2.5937562
Train,177152,2.008284091949463,0.00784485973417759,0.022848703,0.3720043,2.6236184,0.007844862,2.6157734
Train,177408,2.4005191326141357,0.009377027861773968,0.0031810994,-0.043202218,2.606481,0.009377027,2.597104
Train,177664,2.321012258529663,0.009066454134881496,0.027095634,0.39857224,2.6133094,0.009066457,2.6042428
Train,177920,2.0692267417907715,0.008082916960120201,0.022241719,0.36649704,2.621866,0.008082917,2.6137831
Train,178176,1.6592570543289185,0.006481472868472338,0.015700022,0.27355713,2.6383498,0.0064814733,2.6318684
Train,178432,2.436960458755493,0.009519376792013645,0.03262773,0.45139018,2.6164813,0.009519379,2.606962
Train,178688,2.498547077178955,0.009759949520230293,0.008761032,0.07505694,2.599228,0.009759946,2.589468
Train,178944,2.286971092224121,0.008933480829000473,0.027122345,0.41135868,2.6167293,0.008933479,2.6077957
Train,179200,2.2769320011138916,0.008894265629351139,0.029469842,0.42078763,2.6324334,0.008894265,2.623539
Train,179456,1.795681118965149,0.007014379370957613,0.0017450749,0.008941125,2.6320736,0.0070143794,2.6250594
Train,179712,2.496082067489624,0.009750320576131344,0.031990048,0.4454908,2.6159487,0.009750323,2.6061983
Train,179968,2.5329172611236572,0.009894208051264286,0.035522677,0.4558003,2.619701,0.009894205,2.6098065
Train,180224,2.5264008045196533,0.009868753142654896,0.034513794,0.4648266,2.6015625,0.009868752,2.5916939
Train,180480,2.408121109008789,0.009406723082065582,0.010729189,0.116612814,2.6060538,0.009406721,2.5966468
Train,180736,2.7310969829559326,0.010668347589671612,0.040067166,0.5028115,2.6096258,0.01066835,2.5989575
Train,180992,2.7243094444274902,0.010641833767294884,0.04097615,0.50647265,2.6045525,0.010641836,2.5939107
Train,181248,2.6044797897338867,0.010173749178647995,0.035814412,0.47237712,2.6085787,0.010173747,2.598405
Train,181504,2.868633985519409,0.011205601505935192,0.008025722,0.06387435,2.6073194,0.011205597,2.5961137
Train,181760,2.4655065536499023,0.009630884975194931,0.012247277,0.14516892,2.6334238,0.009630881,2.6237931
Train,182016,2.749506950378418,0.010740261524915695,0.04630127,0.50102764,2.61483,0.0107402615,2.6040897
Train,182272,2.277216911315918,0.008895378559827805,0.029808868,0.412877,2.6377616,0.00889538,2.6288662
Train,182528,2.6959166526794434,0.010530924424529076,0.03962695,0.49749807,2.60158,0.0105309235,2.591049
Train,182784,3.0144851207733154,0.011775332503020763,0.013824928,0.08883402,2.6276684,0.011775333,2.615893
Train,183040,2.769719362258911,0.010819216258823872,0.037388764,0.48630747,2.6116858,0.010819215,2.6008663
Train,183296,2.5584659576416016,0.009994007647037506,0.037352934,0.47923082,2.6040354,0.009994007,2.5940413
Train,183552,2.313027858734131,0.009035265073180199,0.027908904,0.39968842,2.6219049,0.009035259,2.6128697
Train,183808,2.6027462482452393,0.010166977532207966,0.0053869775,-0.016269842,2.5854611,0.010166974,2.5752943
Train,184064,3.52174973487854,0.013756834901869297,0.061115727,0.62032807,2.6074128,0.013756832,2.5936558
Train,184320,2.3782947063446045,0.009290213696658611,0.0017716377,-0.10950429,2.6117778,0.009290209,2.6024876
Train,184576,1.813785433769226,0.007085099350661039,0.018151259,0.31103685,2.6194496,0.0070851,2.6123643
Train,184832,2.696324586868286,0.010532517917454243,0.03781209,0.48291647,2.605571,0.010532517,2.5950387
Train,185088,2.9299542903900146,0.011445133946835995,0.043953314,0.5283383,2.61145,0.011445135,2.6000051
Train,185344,2.7457449436187744,0.010725566186010838,0.036949523,0.48151144,2.6238337,0.010725564,2.613108
Train,185600,2.568671226501465,0.010033871978521347,0.03707564,0.47752497,2.6297016,0.010033881,2.619668
Train,185856,3.4692599773406982,0.013551796786487103,0.066143535,0.63830876,2.6241565,0.013551794,2.6106048
Train,186112,2.6376829147338867,0.010303448885679245,0.036422387,0.46186003,2.60465,0.010303447,2.5943465
Train,186368,2.3189051151275635,0.009058223105967045,0.011760883,0.112937,2.6093445,0.009058224,2.6002865
Train,186624,2.1474995613098145,0.008388670161366463,0.014473852,0.19697538,2.61796,0.008388666,2.6095715
Train,186880,1.965640902519226,0.007678284775465727,0.018238699,0.3257613,2.6031976,0.0076782843,2.5955193
Train,187136,2.156737804412842,0.008424757048487663,0.023710452,0.37917694,2.5950437,0.008424757,2.586619
Train,187392,2.1180806159973145,0.00827375240623951,0.02394159,0.37320292,2.6164885,0.008273747,2.6082149
Train,187648,2.1288132667541504,0.0083156768232584,0.011908204,0.15423875,2.6119246,0.008315676,2.603609
Train,187904,1.5735809803009033,0.006146800704300404,0.013161441,0.26065516,2.6134615,0.0061468007,2.6073146
Train,188160,2.0430185794830322,0.007980541326105595,0.0048548067,0.039410114,2.6087132,0.007980542,2.6007328
Train,188416,3.0227696895599365,0.011807694099843502,0.049337104,0.5599882,2.5984871,0.011807694,2.5866792
Train,188672,2.915121078491211,0.011387191712856293,0.044838406,0.5299739,2.614991,0.011387197,2.6036038
Train,188928,3.732363224029541,0.014579543843865395,0.08303037,0.7189982,2.617356,0.014579544,2.6027765
Train,189184,2.903324604034424,0.011341111734509468,0.018621113,0.17140827,2.621169,0.011341115,2.609828
Train,189440,2.425166130065918,0.009473305195569992,0.031031733,0.43426907,2.6286337,0.009473308,2.6191604
Train,189696,2.797419786453247,0.010927421040832996,0.04212401,0.50295,2.6088586,0.01092742,2.5979311
Train,189952,1.7212392091751099,0.006723590660840273,0.016909854,0.27838218,2.6285787,0.0067235925,2.6218553
Train,190208,1.7751379013061523,0.006934132426977158,0.017540898,0.31906232,2.6212153,0.0069341315,2.6142812
Train,190464,1.3130013942718506,0.005128911696374416,0.0110073285,0.23364146,2.634965,0.0051289108,2.629836
Train,190720,2.13832950592041,0.008352849632501602,0.024731975,0.38725853,2.621901,0.008352849,2.6135478
Train,190976,2.5207762718200684,0.009846782311797142,0.034818213,0.4542137,2.621066,0.009846781,2.6112192
Train,191232,2.4373886585235596,0.009521049447357655,0.028985422,0.42351705,2.6161976,0.009521049,2.6066766
Train,191488,2.3152267932891846,0.009043854661285877,0.030214652,0.4296801,2.605029,0.009043855,2.5959854
Train,191744,2.331599712371826,0.009107811376452446,0.0028949603,-0.12854803,2.6034606,0.009107812,2.5943527
Train,192000,2.5077438354492188,0.00979587435722351,0.031134965,0.4356483,2.6063888,0.009795876,2.596593
Train,192256,2.4994258880615234,0.009763382375240326,0.033641864,0.45612666,2.5953605,0.00976338,2.5855973
Train,192512,2.4261956214904785,0.009477326646447182,0.02819983,0.38207388,2.599668,0.00947733,2.590191
Train,192768,1.9420897960662842,0.007586288265883923,0.0075237034,0.11541091,2.6325321,0.007586291,2.6249456
Train,193024,2.7150368690490723,0.010605612769722939,0.035592347,0.4694375,2.6078937,0.010605614,2.5972881
Train,193280,2.5723376274108887,0.010048193857073784,0.037127104,0.47947326,2.6187663,0.010048192,2.6087182
Train,193536,2.3497684001922607,0.009178782813251019,0.02717639,0.4111362,2.600997,0.009178786,2.5918183
Train,193792,2.4990909099578857,0.009762073867022991,0.02426549,0.26226342,2.6009007,0.009762075,2.5911388
Train,194048,2.6095077991485596,0.01019338984042406,0.035772845,0.46680123,2.5898,0.010193395,2.5796065
Train,194304,2.6115808486938477,0.010201487690210342,0.0346215,0.4574801,2.6102397,0.01020149,2.6000383
Train,194560,2.078948736190796,0.008120893500745296,0.024779126,0.3629385,2.6194398,0.008120894,2.611319
Train,194816,2.213660478591919,0.008647111244499683,0.031009685,0.41251022,2.611813,0.008647112,2.603166
Train,195072,2.5673422813415527,0.01002868078649044,0.023883086,0.27147406,2.6017532,0.010028683,2.5917244
Train,195328,1.8100872039794922,0.007070653140544891,0.020854061,0.30269092,2.6125147,0.0070706564,2.605444
Train,195584,2.1348519325256348,0.00833926536142826,0.028924089,0.41269988,2.629003,0.008339265,2.6206636
Train,195840,2.262680768966675,0.008838596753776073,0.026872015,0.37767768,2.6320767,0.0088386005,2.623238
Train,196096,2.4919097423553467,0.009734022431075573,0.018843386,0.22210175,2.6049042,0.0097340215,2.5951705
Train,196352,1.9249993562698364,0.0075195287354290485,0.01868052,0.31309676,2.6208725,0.0075195273,2.6133528
Train,196608,2.799482822418213,0.010935479775071144,0.03890164,0.49065688,2.598093,0.010935477,2.5871572
Train,196864,2.839106321334839,0.011090259067714214,0.04526042,0.5273614,2.6072454,0.011090259,2.5961552
Train,197120,1.7663547992706299,0.006899823434650898,0.017810063,0.31696475,2.6026893,0.0068998234,2.5957894
Train,197376,2.887294292449951,0.011278493329882622,0.042793486,0.5196848,2.6254115,0.011278492,2.614133
Train,197632,2.3641469478607178,0.009234949015080929,0.022432107,0.27040404,2.6192517,0.00923495,2.6100168
Train,197888,2.7325661182403564,0.010674086399376392,0.037867635,0.48545644,2.6082044,0.010674089,2.5975304
Train,198144,2.6654818058013916,0.010412038303911686,0.037267726,0.48266143,2.6023192,0.010412039,2.591907
Train,198400,2.6756398677825928,0.010451718233525753,0.036179375,0.47885868,2.5981872,0.010451723,2.5877354
Train,198656,2.2345645427703857,0.00872876774519682,0.017956404,0.20575204,2.6051707,0.0087287715,2.5964422
Train,198912,2.259056329727173,0.008824438787996769,0.02661136,0.3968522,2.6206388,0.008824436,2.611814
Train,199168,1.8435038328170776,0.0072011868469417095,0.018303541,0.32211897,2.6097832,0.00720119,2.602582
Train,199424,1.5967069864273071,0.0062371366657316685,0.014186574,0.27407596,2.6106706,0.0062371367,2.6044335
Train,199680,2.455565929412842,0.009592054411768913,0.031652935,0.4413596,2.6014323,0.009592057,2.5918403
Train,199936,2.8077287673950195,0.010967690497636795,0.017061723,0.12126413,2.604568,0.010967692,2.5936005
Train,200192,2.455892562866211,0.009593330323696136,0.017266177,0.1523358,2.5967622,0.00959333,2.5871687
Train,200448,3.377962589263916,0.013195166364312172,0.062054366,0.6310911,2.6009762,0.0131951645,2.587781
Train,200704,1.5811830759048462,0.0061764963902533054,0.015611762,0.2773552,2.621456,0.006176496,2.6152797
Train,200960,2.1867213249206543,0.008541880175471306,0.028667983,0.4042648,2.6067445,0.00854188,2.5982027
Train,201216,3.1972174644470215,0.012489130720496178,0.028362818,0.20225124,2.6017892,0.012489128,2.5893002
Train,201472,2.6317811012268066,0.010280394926667213,0.040205136,0.49913523,2.6039042,0.010280395,2.593624
Train,201728,2.8005576133728027,0.01093967817723751,0.039006464,0.49626333,2.5864933,0.010939682,2.5755534
Train,201984,2.7116479873657227,0.010592374950647354,0.041954145,0.51276654,2.606291,0.010592376,2.5956988
Train,202240,2.3588788509368896,0.009214370511472225,0.007631076,0.020349408,2.5967264,0.009214372,2.587512
Train,202496,3.010989189147949,0.011761676520109177,0.04368381,0.5221837,2.5932145,0.011761674,2.5814528
Train,202752,3.1940195560455322,0.01247663889080286,0.055276018,0.593907,2.6043606,0.012476635,2.5918841
Train,203008,3.1685726642608643,0.012377236969769001,0.0502792,0.5628226,2.6030955,0.012377236,2.5907185
Train,203264,2.0792391300201416,0.008122027851641178,0.022661386,0.37156236,2.6116004,0.008122029,2.6034784
Train,203520,2.7273786067962646,0.010653822682797909,0.0047804946,-0.047950044,2.6012135,0.010653819,2.5905597
Train,203776,3.3668525218963623,0.013151767663657665,0.056161996,0.59740216,2.6020637,0.01315177,2.5889115
Train,204032,3.131927490234375,0.012234091758728027,0.055676587,0.5841702,2.579306,0.012234097,2.567072
Train,204288,3.4521000385284424,0.013484765775501728,0.060087964,0.61751163,2.6045556,0.013484769,2.5910707
Train,204544,2.611165761947632,0.010199866257607937,0.0073836963,0.023293715,2.6016214,0.010199863,2.5914216
Train,204800,2.888270139694214,0.011282305233180523,0.042831782,0.5195598,2.589289,0.011282307,2.5780065
Train,205056,2.8858635425567627,0.011272904463112354,0.041446313,0.50815606,2.599108,0.011272904,2.587835
Train,205312,2.5803322792053223,0.01007942296564579,0.03431753,0.46346378,2.6164577,0.010079423,2.6063783
Train,205568,2.3677313327789307,0.009248950518667698,0.004103384,-0.0019083787,2.6007204,0.009248948,2.5914717
Train,205824,2.464486598968506,0.009626900777220726,0.033810902,0.45883158,2.5960364,0.0096269,2.5864096
Train,206080,2.3814480304718018,0.009302531369030476,0.027153786,0.405017,2.5850053,0.009302529,2.5757027
Train,206336,2.362389087677002,0.009228082373738289,0.03253358,0.4481782,2.6037784,0.009228079,2.5945506
Train,206592,2.406785249710083,0.009401504881680012,0.03170922,0.438569,2.5937948,0.009401506,2.584393
Train,206848,2.175107955932617,0.008496515452861786,0.025100855,0.38815197,2.6090097,0.008496515,2.600513
Train,207104,2.2876062393188477,0.008935961872339249,0.028082948,0.4171545,2.6089826,0.008935962,2.6000466
Train,207360,2.324984312057495,0.00908196996897459,0.0284941,0.41746783,2.5989451,0.009081973,2.589863
Train,207616,2.018664836883545,0.007885409519076347,0.021766566,0.35920918,2.6000268,0.007885408,2.5921412
Train,207872,2.0303268432617188,0.007930964231491089,0.0021354556,-0.094921485,2.6028075,0.007930966,2.5948765
Train,208128,2.2371561527252197,0.00873889122158289,0.026836716,0.40379217,2.584269,0.008738892,2.5755303
Train,208384,1.8398220539093018,0.00718680489808321,0.018817794,0.32934076,2.6252565,0.007186804,2.6180696
Train,208640,2.3494436740875244,0.009177514351904392,0.022043297,0.30286238,2.577369,0.009177512,2.5681915
Train,208896,2.514859914779663,0.009823671542108059,0.034801304,0.4610378,2.5966144,0.009823671,2.5867906
Train,209152,2.5363311767578125,0.009907543659210205,0.034027744,0.45036793,2.5727944,0.009907547,2.5628867
Train,209408,2.5212457180023193,0.00984861608594656,0.037684396,0.47894138,2.5940819,0.009848619,2.5842335
Train,209664,3.015824317932129,0.011780563741922379,0.029858353,0.32775992,2.5800877,0.011780566,2.5683072
Train,209920,3.075343608856201,0.012013060972094536,0.045476496,0.53170145,2.577962,0.012013057,2.565949
Train,210176,3.3905601501464844,0.013244375586509705,0.06205778,0.6312352,2.6096795,0.013244381,2.596435
Train,210432,3.386653184890747,0.01322911400347948,0.06795767,0.6357623,2.6134417,0.013229117,2.6002126
Train,210688,3.4324886798858643,0.013408158905804157,0.046929076,0.40322235,2.608285,0.013408156,2.5948768
Train,210944,3.105983257293701,0.01213274709880352,0.049517646,0.5592361,2.5841434,0.012132746,2.5720105
Train,211200,2.5903236865997314,0.010118451900780201,0.037296742,0.4831049,2.6088843,0.010118445,2.5987659
Train,211456,2.689441680908203,0.010505631566047668,0.037089452,0.48007345,2.5795908,0.01050563,2.5690851
Train,211712,2.385817766189575,0.009319600649178028,0.015488394,0.14088824,2.615189,0.0093196,2.6058698
Train,211968,2.7264819145202637,0.01065031997859478,0.036380183,0.47784412,2.5734003,0.010650317,2.56275
Train,212224,2.6561315059661865,0.010375513695180416,0.037738938,0.48398185,2.602086,0.010375511,2.5917106
Train,212480,2.5317771434783936,0.009889754466712475,0.033815477,0.45154852,2.6015127,0.009889753,2.5916228
Train,212736,2.3632314205169678,0.009231372736394405,0.01098077,0.084136315,2.5895982,0.00923137,2.580367
Train,212992,2.2212932109832764,0.008676926605403423,0.024342425,0.3816151,2.5693285,0.008676927,2.5606515
Train,213248,2.409959554672241,0.009413904510438442,0.030183364,0.4318216,2.5964794,0.009413903,2.5870655
Train,213504,2.131122350692749,0.008324696682393551,0.0027199788,-0.13884428,2.6014159,0.0083246995,2.593091
Train,213760,2.210355281829834,0.008634200319647789,0.023589611,0.37629917,2.5951037,0.008634202,2.5864697
Train,214016,2.1486616134643555,0.008393209427595139,0.024312912,0.3734878,2.596037,0.00839321,2.5876436
Train,214272,1.9703845977783203,0.007696814835071564,0.020033231,0.34378517,2.6024318,0.0076968158,2.5947351
Train,214528,2.7771708965301514,0.010848323814570904,0.039509047,0.50147504,2.56284,0.010848324,2.5519917
Train,214784,2.634854316711426,0.010292399674654007,0.025704063,0.3118757,2.5739398,0.010292402,2.5636477
Train,215040,3.0245282649993896,0.011814563535153866,0.047045745,0.54409665,2.5838656,0.011814561,2.572051
Train,215296,3.116927146911621,0.01217549666762352,0.04922785,0.5587995,2.5723276,0.012175497,2.560152
Train,215552,2.3618712425231934,0.009226059541106224,0.02997385,0.4102934,2.6022754,0.00922606,2.5930493
Train,215808,2.3184351921081543,0.009056387469172478,0.014526134,0.19994685,2.5982518,0.009056387,2.5891953
Train,216064,2.8967931270599365,0.011315598152577877,0.04409855,0.5268011,2.590815,0.011315598,2.5794992
Train,216320,3.2672674655914307,0.012762763537466526,0.050818346,0.5684961,2.5838003,0.012762766,2.5710373
Train,216576,3.1482901573181152,0.012298008427023888,0.054956514,0.593661,2.5676887,0.012298008,2.5553908
Train,216832,3.0053837299346924,0.011739780195057392,0.023078147,0.23776287,2.5927052,0.011739783,2.5809653
Train,217088,2.946838140487671,0.011511086486279964,0.044976227,0.52813566,2.5740924,0.0115110865,2.5625813
Train,217344,2.963925361633301,0.011577833443880081,0.04435862,0.5274862,2.5891676,0.011577832,2.57759
Train,217600,3.0624191761016846,0.011962574906647205,0.04812462,0.55526906,2.6000922,0.011962575,2.5881295
Train,217856,2.4737486839294434,0.009663080796599388,0.017862165,0.16806631,2.5813594,0.009663084,2.5716965
Train,218112,1.8207323551177979,0.007112235762178898,0.017699184,0.31582502,2.5921564,0.007112236,2.5850444
Train,218368,1.9450501203536987,0.007597852032631636,0.02198564,0.36222887,2.6041522,0.007597854,2.5965545
Train,218624,2.490231990814209,0.009727468714118004,0.033551876,0.44605637,2.602073,0.009727468,2.5923457
Train,218880,2.5453453063964844,0.009942755103111267,0.010382749,0.04960882,2.5727215,0.009942753,2.562779
Train,219136,2.5218286514282227,0.009850893169641495,0.03166966,0.44552568,2.5896344,0.009850891,2.5797837
Train,219392,2.364184856414795,0.009235097095370293,0.030062012,0.4217501,2.5629983,0.009235101,2.5537634
Train,219648,2.3870155811309814,0.009324279613792896,0.028712306,0.42290065,2.5694826,0.009324279,2.5601583
Train,219904,2.7547574043273926,0.010760771110653877,0.01082298,0.011132173,2.5778894,0.010760773,2.5671287
Train,220160,2.6959948539733887,0.01053122989833355,0.038589597,0.49368742,2.5906773,0.010531233,2.580146
Train,220416,2.669170379638672,0.010426446795463562,0.03617652,0.4780084,2.5688505,0.010426445,2.5584242
Train,220672,2.791055202484131,0.010902559384703636,0.043747373,0.51656073,2.5907493,0.0109025575,2.5798469
Train,220928,2.8443214893341064,0.011110630817711353,0.0045828116,-0.044463098,2.5601137,0.01111063,2.5490031
Train,221184,3.186309814453125,0.01244652271270752,0.05580077,0.5967994,2.574894,0.012446521,2.5624475
Train,221440,2.9383487701416016,0.011477924883365631,0.042466678,0.52123743,2.563355,0.011477922,2.551877
Train,221696,3.506596326828003,0.013697641901671886,0.06808197,0.6561566,2.5695305,0.013697641,2.555833
Train,221952,3.5033464431762695,0.013684947043657303,0.06543575,0.64049953,2.565074,0.013684949,2.5513887
Train,222208,3.0370638370513916,0.011863530613481998,0.049323555,0.55510694,2.574299,0.01186353,2.5624356
Train,222464,2.7571585178375244,0.01077015046030283,0.008909936,0.03253828,2.5961637,0.010770141,2.5853934
Train,222720,3.029393434524536,0.01183356810361147,0.047774196,0.53667945,2.5928547,0.011833567,2.5810213
Train,222976,2.4479122161865234,0.009562157094478607,0.031701773,0.43963408,2.5560706,0.009562156,2.5465086
Train,223232,2.9390721321105957,0.011480750516057014,0.047230802,0.5400965,2.5530615,0.011480749,2.5415807
Train,223488,3.013441324234009,0.011771255172789097,0.008858707,0.011467729,2.5532722,0.011771256,2.541501
Train,223744,3.2414488792419434,0.012661909684538841,0.05394748,0.5807559,2.5666032,0.012661908,2.5539412
Train,224000,3.287449359893799,0.012841599062085152,0.03781392,0.36876476,2.5808291,0.012841599,2.5679874
Train,224256,3.108339309692383,0.01214195042848587,0.051607203,0.57103467,2.5639071,0.0121419495,2.5517654
Train,224512,3.290188789367676,0.012852299958467484,0.060827028,0.62022305,2.5678842,0.012852295,2.5550323
Train,224768,3.1385676860809326,0.012260030023753643,0.05424913,0.5853255,2.5460625,0.012260029,2.533802
Train,225024,3.776848077774048,0.014753312803804874,0.06186606,0.5686436,2.5535567,0.014753315,2.5388033
Train,225280,3.477534532546997,0.013584119267761707,0.06428572,0.6414499,2.5727348,0.013584118,2.5591507
Train,225536,3.7806344032287598,0.014768103137612343,0.07742384,0.6994398,2.566558,0.014768108,2.55179
Train,225792,3.8625667095184326,0.015088151209056377,0.07674739,0.7003122,2.5418563,0.015088154,2.5267682
Train,226048,3.5111629962921143,0.013715480454266071,0.06294006,0.6280092,2.563452,0.013715477,2.5497365
Train,226304,3.071444034576416,0.011997828260064125,0.053738505,0.5766707,2.5456755,0.011997828,2.5336778
Train,226560,3.497295618057251,0.013661311008036137,0.058940887,0.6180217,2.5508564,0.013661307,2.5371952
Train,226816,3.718285322189331,0.014524552039802074,0.06771478,0.651001,2.5312061,0.014524545,2.5166817
Train,227072,3.719571828842163,0.0145295774564147,0.07316066,0.6912768,2.5406637,0.0145295765,2.526134
Train,227328,3.4009034633636475,0.013284779153764248,0.0062861317,-0.054939225,2.5522594,0.013284779,2.5389748
