Type,Time_Steps,Batch_Reward,Reward_Rate,Critic_Loss,Actor_loss,Curiosity_Loss
Train,5120,1544.6793212890625,0.30169517993927003,28.354902,12.963328,0.54241604
Train,10240,1319.5364990234375,0.25772197246551515,18.894989,9.792219,0.50268024
Train,15360,1377.9578857421875,0.269132399559021,23.51148,11.619194,0.5128422
Train,20480,1488.5660400390625,0.2907355546951294,24.367441,11.616181,0.5321459
Train,25600,1370.72412109375,0.26771955490112304,23.350925,11.843108,0.51139826
Train,30720,1465.0166015625,0.2861360549926758,20.517044,10.129333,0.5277632
Train,35840,1407.548828125,0.27491188049316406,25.34046,12.642315,0.5176305
Train,40960,1403.719970703125,0.2741640567779541,17.246948,8.93561,0.51694864
Train,46080,1451.3829345703125,0.28347322940826414,19.015326,9.671512,0.52524537
Train,51200,1470.0908203125,0.28712711334228513,23.405142,11.557418,0.5285105
Train,56320,1472.7802734375,0.28765239715576174,22.093872,10.987485,0.5290699
Train,61440,1349.2166748046875,0.26351888179779054,21.359781,11.121149,0.5075773
Train,66560,1325.7357177734375,0.2589327573776245,17.529783,9.6305065,0.5033183
Train,71680,1224.7906494140625,0.23921692371368408,16.078276,9.357924,0.4856126
Train,76800,1081.826904296875,0.2112943172454834,12.99309,8.413318,0.46035895
Train,81920,1123.9365234375,0.21951885223388673,12.257438,7.970886,0.4676617
Train,87040,1030.00146484375,0.2011721611022949,13.125673,9.034499,0.45117885
Train,92160,906.8787231445312,0.17712475061416627,10.456018,7.9215875,0.42947885
Train,97280,918.6064453125,0.17941532135009766,8.621488,6.8376665,0.43179122
Train,102400,888.7614135742188,0.1735862135887146,6.789862,5.747993,0.42644215
Train,107520,864.4464721679688,0.1688372015953064,8.345752,6.963641,0.42233497
Train,112640,782.3973999023438,0.1528119921684265,7.48667,6.765022,0.40761492
Train,117760,748.8272705078125,0.14625532627105714,5.7016087,5.576514,0.40170383
Train,122880,685.614501953125,0.13390908241271973,4.581859,4.900338,0.3905048
Train,128000,656.8037109375,0.12828197479248046,4.8493896,5.3563466,0.38542423
Train,133120,633.8915405273438,0.12380694150924683,5.231247,5.8764668,0.38126078
Train,138240,583.1151733398438,0.11388968229293824,2.9552658,3.732806,0.37262774
Train,143360,570.2525024414062,0.11137744188308715,3.1618657,4.0424724,0.3703261
Train,148480,529.9921875,0.10351409912109374,3.2723916,4.4079,0.3628964
Train,153600,524.39208984375,0.10242033004760742,3.395921,4.5118833,0.36211297
Train,158720,481.44659423828125,0.0940325379371643,2.3117871,3.3907292,0.35473523
Train,163840,454.9468078613281,0.08885679841041565,2.068341,3.2193112,0.35001668
Train,168960,477.9665832519531,0.09335284829139709,2.5103824,3.7341206,0.3539009
Train,174080,467.27117919921875,0.09126390218734741,2.4275882,3.6863441,0.3519644
Train,179200,416.438232421875,0.08133559226989746,1.679232,2.8999176,0.34317836
Train,184320,402.6171569824219,0.07863616347312927,1.8490458,3.246008,0.34085533
Train,189440,377.5757751464844,0.07374526858329773,1.6586751,3.0880818,0.33634645
Train,194560,381.1820983886719,0.07444962859153748,1.6636413,2.965874,0.33659518
Train,199680,371.78656005859375,0.07261456251144409,1.1713698,2.239855,0.3351871
Train,204800,377.7087097167969,0.07377123236656188,1.6313807,2.9729185,0.33635324
Train,209920,381.71923828125,0.07455453872680665,1.6840185,2.9338827,0.33684134
Train,215040,370.3489990234375,0.07233378887176514,1.395757,2.456622,0.33475357
Train,220160,358.6987609863281,0.07005835175514222,1.4272025,2.4718182,0.33268428
Train,225280,368.4410705566406,0.07196114659309387,1.7913334,3.2206793,0.3342789
Train,230400,380.03765869140625,0.07422610521316528,1.7552147,3.0874097,0.33654377
Train,235520,363.10614013671875,0.07091916799545288,1.435868,2.4164999,0.33366317
Train,240640,340.53375244140625,0.06651049852371216,1.2514515,2.5098717,0.3297592
Train,245760,335.2421875,0.06547698974609376,1.3860066,2.872299,0.3283766
Train,250880,365.4954833984375,0.07138583660125733,1.633117,3.061336,0.3339246
Train,256000,339.9838562011719,0.06640309691429139,1.2821902,2.4397686,0.32945442
Train,261120,317.78741455078125,0.062067854404449466,0.9413361,1.8793126,0.32527128
Train,266240,319.4104309082031,0.06238484978675842,1.0527848,2.1516109,0.3258303
Train,271360,302.6554260253906,0.05911238789558411,0.9623787,2.1009147,0.32287726
Train,276480,311.9882507324219,0.060935205221176146,1.1270571,2.4475644,0.32435527
Train,281600,318.9355773925781,0.062292104959487914,1.2547772,2.5550747,0.3253883
Train,286720,292.5631408691406,0.05714123845100403,0.89250296,2.1206806,0.32085386
Train,291840,328.7394714355469,0.06420692801475525,1.3059019,2.3223991,0.32701346
Train,296960,342.4365539550781,0.0668821394443512,1.6490906,2.9057639,0.32968774
Train,302080,297.18603515625,0.058044147491455075,1.0527434,2.3867116,0.32217827
Train,307200,300.47576904296875,0.058686673641204834,1.0543798,2.2944372,0.3219139
Train,312320,328.2311096191406,0.0641076385974884,1.0081669,2.0333169,0.32727474
Train,317440,329.4658203125,0.06434879302978516,0.9513084,1.8900465,0.3273039
Train,322560,291.63458251953125,0.056959879398345944,1.070093,2.2722735,0.32037455
Train,327680,290.2673034667969,0.056692832708358766,1.0361167,2.2916348,0.32027632
Train,332800,320.461181640625,0.06259007453918457,1.1691023,2.2787101,0.32563326
Train,337920,282.9532165527344,0.05526430010795593,0.90621865,2.208504,0.3185756
Train,343040,297.1777648925781,0.058042532205581664,1.0348707,2.2787933,0.32122365
Train,348160,320.0406494140625,0.06250793933868408,1.3136001,2.5888975,0.32545096
Train,353280,287.8384094238281,0.05621843934059143,1.1089867,2.491199,0.3195884
Train,358400,286.96099853515625,0.05604707002639771,0.8479797,1.9143015,0.31963214
Train,363520,290.69207763671875,0.056775796413421634,0.8814765,1.9207968,0.3196852
Train,368640,293.1383972167969,0.05725359320640564,0.96633226,2.1296368,0.32053623
Train,373760,283.05426025390625,0.05528403520584106,0.94561857,2.2638345,0.3184351
Train,378880,298.3636474609375,0.058274149894714355,1.0746593,2.390451,0.32138392
Train,384000,294.357421875,0.05749168395996094,1.0138851,2.1653774,0.3208544
Train,389120,278.91595458984375,0.05447577238082886,0.8989505,2.0202494,0.31793374
Train,394240,263.630859375,0.051490402221679686,0.9359153,2.339885,0.31488472
Train,399360,256.66168212890625,0.050129234790802,0.6554667,1.7084367,0.3143064
Train,404480,289.0561828613281,0.05645628571510315,0.9536791,2.0911047,0.3196016
Train,409600,268.15643310546875,0.052374303340911865,0.88106596,2.1575565,0.315382
Train,414720,268.14617919921875,0.052372300624847413,0.91129714,2.1636388,0.31550288
Train,419840,266.4892578125,0.052048683166503906,0.76210034,1.8839513,0.3152911
Train,424960,260.0366516113281,0.05078840851783752,0.6319718,1.5869853,0.3138642
Train,430080,260.90875244140625,0.05095874071121216,0.82453173,1.9716635,0.31419548
Train,435200,249.4015350341797,0.04871123731136322,0.72106826,1.9934106,0.311508
Train,440320,255.32754516601562,0.04986866116523743,0.6234022,1.6354597,0.31309006
Train,445440,265.2882080078125,0.05181410312652588,0.8241827,2.0701072,0.3146618
Train,450560,275.734619140625,0.05385441780090332,0.79464,1.8215572,0.31660467
Train,455680,246.19683837890625,0.04808531999588013,0.6905878,1.8792148,0.31133816
Train,460800,255.71127319335938,0.049943608045578,0.7818315,1.9200187,0.31283474
Train,465920,246.42156982421875,0.04812921285629272,0.6667846,1.6664327,0.31129432
Train,471040,239.7278594970703,0.046821847558021545,0.5609379,1.5774353,0.30985096
Train,476160,251.2581024169922,0.04907384812831879,0.8447919,2.1607873,0.31157333
Train,481280,234.22286987304688,0.04574665427207947,0.6556018,1.8156949,0.30853263
Train,486400,250.3944854736328,0.04890517294406891,0.74719614,1.9316808,0.31178704
Train,491520,243.961181640625,0.04764866828918457,0.69206065,1.7229595,0.31063247
Train,496640,225.06675720214844,0.04395835101604462,0.57683724,1.6684183,0.30601877
Train,501760,246.68939208984375,0.04818152189254761,0.70430416,1.964591,0.31080288
Train,506880,235.69540405273438,0.04603425860404968,0.6884733,1.8625313,0.3078676
Train,512000,224.54322814941406,0.043856099247932434,0.60570925,1.7935807,0.30616087
Train,517120,241.9892578125,0.04726352691650391,0.663959,1.7553219,0.3096443
Train,522240,235.5088653564453,0.04599782526493072,0.66585386,1.6947577,0.3074513
Train,527360,232.19993591308594,0.0453515499830246,0.6720442,1.7492944,0.3068726
Train,532480,236.0725860595703,0.04610792696475983,0.69289255,1.9245255,0.30795398
Train,537600,226.95738220214844,0.044327613711357114,0.6738717,1.9341731,0.30672392
Train,542720,232.96556091308594,0.0455010861158371,0.58448887,1.5372362,0.30706024
Train,547840,237.3496551513672,0.0463573545217514,0.6647756,1.5603466,0.30753395
Train,552960,224.3158721923828,0.04381169378757477,0.7080148,2.0086548,0.30538812
Train,558080,243.28738403320312,0.047517067193984984,0.6966084,1.8871973,0.30870473
Train,563200,240.9892578125,0.047068214416503905,0.6848669,1.8163368,0.30828878
Train,568320,218.56637573242188,0.04268874526023865,0.6180954,1.5583018,0.30372187
Train,573440,236.25013732910156,0.046142604947090146,0.7199855,1.9053973,0.30657694
Train,578560,235.1480712890625,0.04592735767364502,0.7025235,1.8560067,0.30670905
Train,583680,207.85916137695312,0.04059749245643616,0.49956232,1.4773755,0.30113143
Train,588800,215.72816467285156,0.042134407162666324,0.5734341,1.704479,0.30221725
Train,593920,209.32577514648438,0.04088394045829773,0.46681967,1.3639778,0.30164716
Train,599040,218.38491821289062,0.0426533043384552,0.57381576,1.5490232,0.303021
Train,604160,209.44879150390625,0.04090796709060669,0.50622267,1.551464,0.3013482
Train,609280,228.71705627441406,0.0446713000535965,0.685702,1.7795602,0.3051611
Train,614400,237.24903869628906,0.04633770287036896,0.73050517,1.9148701,0.30605474
Train,619520,190.84449768066406,0.0372743159532547,0.38570395,1.2029933,0.2970656
Train,624640,204.5627899169922,0.039953669905662535,0.45704386,1.4354432,0.29982135
Train,629760,213.83285522460938,0.04176422953605652,0.6013368,1.6954775,0.30180833
Train,634880,204.10433959960938,0.039864128828048705,0.5152705,1.6592811,0.29937914
Train,640000,206.9528350830078,0.040420475602149966,0.5274088,1.4939553,0.29941863
Train,645120,214.4541015625,0.04188556671142578,0.5439536,1.5284208,0.30062032
Train,650240,232.21493530273438,0.04535447955131531,0.63964045,1.683536,0.30353257
Train,655360,220.10154724121094,0.04298858344554901,0.64143765,1.8352231,0.30189833
Train,660480,193.97549438476562,0.03788583874702454,0.48866102,1.485715,0.29649255
Train,665600,189.7779083251953,0.03706599771976471,0.45741913,1.537665,0.2952046
Train,670720,200.45420837402344,0.03915121257305145,0.4577503,1.3568531,0.29702288
Train,675840,202.31268310546875,0.03951419591903686,0.46742254,1.4816207,0.2974932
Train,680960,203.16050720214844,0.039679786562919615,0.5403731,1.7000268,0.29775798
Train,686080,212.3102569580078,0.0414668470621109,0.51791984,1.4822035,0.29931083
Train,691200,215.21580505371094,0.04203433692455292,0.60684377,1.8518076,0.29931304
Train,696320,199.27487182617188,0.038920873403549196,0.51397127,1.6167846,0.29741022
Train,701440,209.92047119140625,0.041000092029571535,0.56001353,1.6962463,0.29836798
Train,706560,214.70437622070312,0.04193444848060608,0.5634777,1.6309314,0.29937026
Train,711680,204.50628662109375,0.03994263410568237,0.4629552,1.4438366,0.2969112
Train,716800,208.36793518066406,0.04069686233997345,0.54839194,1.695544,0.2973785
Train,721920,203.5985565185547,0.03976534307003021,0.37531766,1.1983787,0.2974955
Train,727040,214.88287353515625,0.0419693112373352,0.5022387,1.4285166,0.29931518
Train,732160,188.20130920410156,0.03675806820392609,0.45442492,1.5779307,0.2946453
Train,737280,191.86476135253906,0.03747358620166778,0.4122951,1.4601109,0.29422006
Train,742400,188.7557830810547,0.03686636388301849,0.4576784,1.3094147,0.2940341
Train,747520,180.5312042236328,0.035260000824928285,0.3850176,1.3321713,0.29211342
Train,752640,191.70504760742188,0.037442392110824584,0.41540012,1.3943795,0.2946777
Train,757760,187.6005096435547,0.036640724539756774,0.43766353,1.3852196,0.2931234
Train,762880,185.34954833984375,0.036201083660125734,0.4039991,1.3659352,0.29261422
Train,768000,177.62588500976562,0.03469255566596985,0.33575076,1.1138386,0.2911963
Train,773120,194.1680450439453,0.03792344629764557,0.5223853,1.7382828,0.29441372
Train,778240,194.6212921142578,0.03801197111606598,0.4441456,1.341321,0.29455218
Train,783360,186.074462890625,0.0363426685333252,0.39412746,1.2337234,0.29199764
Train,788480,178.75694274902344,0.03491346538066864,0.35260907,1.2582835,0.29131755
Train,793600,198.71168518066406,0.03881087601184845,0.45771098,1.4630855,0.29588112
Train,798720,182.5276641845703,0.03564993441104889,0.37773114,1.3172542,0.29264075
Train,803840,174.8288116455078,0.03414625227451325,0.38090053,1.2189797,0.29087287
Train,808960,192.18263244628906,0.037535670399665835,0.4506885,1.4917282,0.29339173
Train,814080,173.40782165527344,0.03386871516704559,0.31938305,1.1838459,0.29008684
Train,819200,194.49618530273438,0.037987536191940306,0.4479219,1.4476379,0.29385278
Train,824320,184.72666931152344,0.03607942759990692,0.42936802,1.5307235,0.29229537
Train,829440,175.42877197265625,0.034263432025909424,0.377091,1.3762355,0.29023707
Train,834560,175.2419891357422,0.03422695100307464,0.3167574,1.1821862,0.2905989
Train,839680,182.33181762695312,0.035611683130264284,0.38264713,1.2672683,0.29139313
Train,844800,191.8596954345703,0.03747259676456451,0.49375066,1.6998342,0.29369098
Train,849920,178.2860107421875,0.034821486473083495,0.3492083,1.1534053,0.29090568
Train,855040,170.1183624267578,0.033226242661476134,0.32619327,1.199752,0.28926364
Train,860160,176.69688415527344,0.03451111018657684,0.41703826,1.4575223,0.29088145
Train,865280,190.23623657226562,0.03715551495552063,0.47798082,1.5925053,0.29306015
Train,870400,192.03526306152344,0.0375068873167038,0.33592343,1.1041127,0.2934899
Train,875520,180.78822326660156,0.035310199856758116,0.3792007,1.3223753,0.29117623
Train,880640,186.25115966796875,0.03637717962265015,0.4280871,1.4037138,0.292064
Train,885760,186.8826446533203,0.036500516533851626,0.4649222,1.5835547,0.29279
Train,890880,180.94320678710938,0.0353404700756073,0.38237402,1.3666536,0.2916102
Train,896000,191.79522705078125,0.03746000528335571,0.39976427,1.2399844,0.29270455
Train,901120,198.6634063720703,0.03880144655704498,0.42603484,1.3621259,0.2948755
Train,906240,189.9774932861328,0.037104979157447815,0.4647262,1.5072827,0.29319915
Train,911360,170.66110229492188,0.03333224654197693,0.3865513,1.490493,0.28927588
Train,916480,174.28213500976562,0.034039479494094846,0.40009347,1.450038,0.28923735
Train,921600,176.83538818359375,0.03453816175460815,0.34012398,1.201418,0.29111394
Train,926720,175.77284240722656,0.034330633282661435,0.361343,1.2922809,0.29040584
Train,931840,179.61740112304688,0.035081523656845096,0.42748266,1.6098202,0.2906147
Train,936960,176.39622497558594,0.03445238769054413,0.3883926,1.4067639,0.29066125
Train,942080,176.3546142578125,0.03444426059722901,0.29967985,1.0057231,0.2903845
Train,947200,187.94041442871094,0.036707112193107606,0.44565257,1.4409117,0.2927866
Train,952320,181.462890625,0.03544197082519531,0.4421681,1.6086448,0.2911654
Train,957440,176.97007751464844,0.034564468264579776,0.42157087,1.4999083,0.29117066
Train,962560,160.18093872070312,0.03128533959388733,0.29663032,1.1204673,0.2864135
Train,967680,170.63888549804688,0.03332790732383728,0.3533149,1.3699373,0.28903183
Train,972800,171.13580322265625,0.03342496156692505,0.3482794,1.2540746,0.28912854
Train,977920,166.59597778320312,0.03253827691078186,0.28557822,1.0912776,0.28820783
Train,983040,159.6147003173828,0.03117474615573883,0.30885163,1.1872418,0.2861966
Train,988160,166.66836547851562,0.032552415132522584,0.3605669,1.3395276,0.28789976
Train,993280,183.9453125,0.03592681884765625,0.41469917,1.3999418,0.2909535
Train,998400,162.02304077148438,0.03164512515068054,0.29515857,1.1224515,0.2868394
Train,1003520,168.80966186523438,0.03297063708305359,0.35401982,1.3260683,0.28766015
Train,1008640,164.09762573242188,0.032050317525863646,0.39703003,1.5337877,0.28673026
Train,1013760,183.87362670898438,0.03591281771659851,0.41401014,1.3997309,0.29062858
Train,1018880,190.2618408203125,0.037160515785217285,0.48533297,1.5464222,0.29193407
Train,1024000,170.74462890625,0.03334856033325195,0.3327353,1.2230512,0.28797093
Train,1029120,164.9525604248047,0.03221729695796967,0.3292264,1.2797952,0.28731582
Train,1034240,161.47201538085938,0.0315375030040741,0.2865184,1.0869081,0.28636158
Train,1039360,159.6553955078125,0.031182694435119628,0.30979905,1.2725765,0.2861421
Train,1044480,169.197021484375,0.033046293258666995,0.34978363,1.2993879,0.2884982
Train,1049600,167.31199645996094,0.03267812430858612,0.34124026,1.3187265,0.28791744
Train,1054720,162.1072235107422,0.03166156709194183,0.33237764,1.31606,0.28610727
Train,1059840,156.42333984375,0.030551433563232422,0.2424717,0.92761856,0.28507352
Train,1064960,156.32110595703125,0.030531466007232666,0.25244197,1.0362293,0.28479567
Train,1070080,160.2003936767578,0.03128913938999176,0.3127117,1.2394314,0.28582665
Train,1075200,163.78500366210938,0.031989258527755735,0.33789054,1.3149261,0.2868578
Train,1080320,164.05233764648438,0.03204147219657898,0.28620762,1.0754523,0.28744864
Train,1085440,163.00811767578125,0.031837522983551025,0.2894857,1.1467025,0.28645262
Train,1090560,161.22515869140625,0.03148928880691528,0.27917266,1.1496395,0.28635356
Train,1095680,161.91281127929688,0.03162359595298767,0.26173505,1.0144703,0.28569752
Train,1100800,163.64610290527344,0.03196212947368622,0.26522848,1.0196737,0.28692266
Train,1105920,160.57562255859375,0.03136242628097534,0.31850064,1.3211572,0.2860023
Train,1111040,159.0806427001953,0.031070438027381898,0.28362566,1.1411272,0.28576422
Train,1116160,151.35768127441406,0.029562047123908995,0.29047075,1.2308377,0.283877
Train,1121280,170.56182861328125,0.033312857151031494,0.3298452,1.229144,0.28708112
Train,1126400,176.47723388671875,0.034468209743499754,0.33989808,1.236134,0.28897974
Train,1131520,165.61412048339844,0.032346507906913756,0.32711545,1.2504971,0.28628525
Train,1136640,159.58082580566406,0.031168130040168763,0.2984046,1.1832966,0.2846446
Train,1141760,165.12794494628906,0.03225155174732208,0.28104165,1.1046886,0.28688157
Train,1146880,154.44497680664062,0.030165034532546996,0.26157168,1.0745689,0.28434917
Train,1152000,156.1471405029297,0.030497488379478455,0.29101083,1.1486249,0.28428438
Train,1157120,161.67884826660156,0.03157790005207062,0.29001805,1.0754455,0.2855024
Train,1162240,156.36199951171875,0.03053945302963257,0.31604823,1.3060023,0.28392956
Train,1167360,148.9519500732422,0.029092177748680115,0.2533947,1.1209097,0.2827753
Train,1172480,151.67544555664062,0.02962411046028137,0.2522134,1.0563754,0.28321114
Train,1177600,164.30813598632812,0.03209143280982971,0.31464556,1.2460254,0.2852672
Train,1182720,162.02102661132812,0.031644731760025024,0.31594598,1.1810086,0.28539732
Train,1187840,162.80914306640625,0.03179866075515747,0.2753825,1.0766721,0.28566352
Train,1192960,154.60728454589844,0.03019673526287079,0.28018618,1.1522856,0.28348342
Train,1198080,159.26393127441406,0.031106236577033996,0.30128908,1.2049259,0.2834966
Train,1203200,151.66604614257812,0.02962227463722229,0.28156295,1.1925706,0.28269407
Train,1208320,153.79176330566406,0.03003745377063751,0.2808094,1.1460589,0.28235018
Train,1213440,170.02809143066406,0.03320861160755158,0.32642218,1.2711669,0.28558508
Train,1218560,155.59945678710938,0.0303905189037323,0.26037213,0.99776363,0.2827726
Train,1223680,143.0063018798828,0.02793091833591461,0.2712644,1.1956887,0.28039017
Train,1228800,159.3367919921875,0.03112046718597412,0.3053588,1.2734735,0.283509
Train,1233920,148.55079650878906,0.029013827443122864,0.21968122,0.9363231,0.28168854
Train,1239040,156.4006805419922,0.03054700791835785,0.27380195,1.1357359,0.28294718
Train,1244160,159.78140258789062,0.03120730519294739,0.2824774,1.1775786,0.2837968
Train,1249280,152.34017944335938,0.029753941297531127,0.318552,1.3420553,0.28135642
Train,1254400,157.83908081054688,0.030827945470809935,0.27996668,1.1266302,0.28310567
Train,1259520,151.12841796875,0.029517269134521483,0.25236765,1.0040975,0.2813665
Train,1264640,153.96475219726562,0.030071240663528443,0.28871205,1.1704992,0.28179738
Train,1269760,150.93043518066406,0.02947860062122345,0.2515268,1.0423297,0.28081962
Train,1274880,150.7862091064453,0.0294504314661026,0.26241586,1.1004771,0.28026396
Train,1280000,146.68824768066406,0.0286500483751297,0.24707186,1.0067486,0.27922413
Train,1285120,157.12408447265625,0.030688297748565675,0.29924828,1.0812922,0.28093824
Train,1290240,140.01524353027344,0.02734672725200653,0.19604588,0.87996423,0.2772751
Train,1295360,141.89329528808594,0.027713534235954285,0.24635677,1.0872631,0.2774215
Train,1300480,150.38409423828125,0.029371893405914305,0.24182788,0.99989444,0.27978086
Train,1305600,147.65476989746094,0.02883882224559784,0.22291027,0.92065096,0.27912876
Train,1310720,148.19447326660156,0.02894423305988312,0.26284584,1.1480116,0.27840918
Train,1315840,152.25491333007812,0.029737287759780885,0.26806077,1.1911045,0.27900392
Train,1320960,165.127685546875,0.032251501083374025,0.32587257,1.1967946,0.28143367
Train,1326080,140.74581909179688,0.02748941779136658,0.25463805,1.2072773,0.2754436
Train,1331200,152.91551208496094,0.029866310954093932,0.24508141,1.0640032,0.2789315
Train,1336320,148.649658203125,0.029033136367797852,0.23831598,0.9695061,0.27771223
Train,1341440,146.29054260253906,0.02857237160205841,0.26448464,1.186108,0.27631524
Train,1346560,150.66575622558594,0.029426905512809753,0.262037,1.1424971,0.27780217
Train,1351680,155.87840270996094,0.030445000529289244,0.26783177,1.0740087,0.27826002
Train,1356800,146.67164611816406,0.02864680588245392,0.22807217,1.0220513,0.27487823
Train,1361920,155.3537139892578,0.030342522263526916,0.29913288,1.2529347,0.27836213
Train,1367040,155.33326721191406,0.030338528752326965,0.27077207,1.1298113,0.27620372
Train,1372160,158.27984619140625,0.030914032459259035,0.30009156,1.2057881,0.27770787
Train,1377280,146.0679473876953,0.02852889597415924,0.2507291,1.1248002,0.27441642
Train,1382400,154.4131317138672,0.030158814787864686,0.28053308,1.1577892,0.27579802
Train,1387520,153.71278381347656,0.03002202808856964,0.245319,0.9448239,0.27628413
Train,1392640,142.93751525878906,0.02791748344898224,0.24405785,1.1090198,0.27245456
Train,1397760,131.90032958984375,0.025761783123016357,0.22975408,1.1661129,0.26860437
Train,1402880,143.59616088867188,0.028046125173568727,0.25239965,1.1452816,0.27303407
Train,1408000,149.43896484375,0.02918729782104492,0.24445947,1.0520648,0.27293047
Train,1413120,137.72018432617188,0.026898473501205444,0.2274683,1.0660074,0.26967153
Train,1418240,137.72567749023438,0.0268995463848114,0.23089719,1.0887998,0.26985064
Train,1423360,145.49183654785156,0.02841637432575226,0.267617,1.2123343,0.27040562
Train,1428480,145.88124084472656,0.028492429852485658,0.24506588,1.0077832,0.27128217
Train,1433600,144.02874755859375,0.028130614757537843,0.23722176,1.0114752,0.2698209
Train,1438720,137.5421142578125,0.026863694190979004,0.24108033,1.0988082,0.26734206
Train,1443840,145.65866088867188,0.028448957204818725,0.24359952,1.1141281,0.26947355
Train,1448960,147.81594848632812,0.02887030243873596,0.23363662,0.91546226,0.27003342
Train,1454080,141.8112030029297,0.027697500586509705,0.25929776,1.1480144,0.26738057
Train,1459200,137.00204467773438,0.026758211851119994,0.2100116,0.97695917,0.26575205
Train,1464320,137.3169403076172,0.026819714903831483,0.23270355,1.0764197,0.2652235
Train,1469440,140.7759246826172,0.02749529778957367,0.18548782,0.81289136,0.26595998
Train,1474560,145.82872009277344,0.02848217189311981,0.22819643,1.020785,0.26576468
Train,1479680,141.30751037597656,0.027599123120307923,0.22524391,1.0295606,0.2640576
Train,1484800,134.1980743408203,0.026210561394691467,0.20959507,1.0317805,0.26281473
Train,1489920,136.22479248046875,0.026606404781341554,0.18614744,0.8643299,0.26163042
Train,1495040,134.6152801513672,0.026292046904563902,0.20959571,1.0502763,0.2608467
Train,1500160,139.63510131835938,0.027272480726242065,0.22132622,1.0350221,0.26188132
Train,1505280,136.61488342285156,0.026682594418525697,0.20174125,0.9994747,0.2624925
Train,1510400,130.23667907714844,0.025436851382255554,0.18508494,0.84625554,0.25882658
Train,1515520,138.0036163330078,0.02695383131504059,0.23955922,1.1192312,0.25929424
Train,1520640,131.8929901123047,0.02576034963130951,0.19807003,0.9084107,0.2596576
Train,1525760,137.45687866210938,0.026847046613693238,0.2399246,1.1535964,0.25887957
Train,1530880,137.50173950195312,0.02685580849647522,0.20734636,0.89872235,0.2578764
Train,1536000,133.28564453125,0.026032352447509767,0.22492829,1.0936258,0.2583943
Train,1541120,127.4353256225586,0.024889712035655976,0.19343421,0.9835576,0.25502834
Train,1546240,138.57785034179688,0.027065986394882204,0.23323683,1.0923623,0.2578156
Train,1551360,136.52317810058594,0.026664683222770692,0.16652213,0.7326603,0.25778604
Train,1556480,124.74146270751953,0.02436356693506241,0.174212,0.9048159,0.25314793
Train,1561600,134.84437561035156,0.02633679211139679,0.21384414,1.0182619,0.2579039
Train,1566720,156.79400634765625,0.03062382936477661,0.3347289,1.4390427,0.2603204
Train,1571840,137.81906127929688,0.02691778540611267,0.15920666,0.6305431,0.25561094
Train,1576960,129.79293823242188,0.025350183248519897,0.18142545,0.8836317,0.25500664
Train,1582080,130.8290252685547,0.025552543997764587,0.19037607,0.9608864,0.25227928
Train,1587200,125.1772232055664,0.024448676407337187,0.21435325,1.0984151,0.2540041
Train,1592320,123.6026611328125,0.024141144752502442,0.13680737,0.6999662,0.24842452
Train,1597440,134.08868408203125,0.026189196109771728,0.21263114,0.99497235,0.2549265
Train,1602560,134.34906005859375,0.026240050792694092,0.19139461,0.9353663,0.250756
Train,1607680,139.0435791015625,0.027156949043273926,0.24233435,1.1643335,0.25316843
Train,1612800,135.82388305664062,0.026528102159500123,0.21119864,1.0122969,0.25291252
Train,1617920,132.940185546875,0.025964879989624025,0.16796425,0.7924957,0.25451633
Train,1623040,134.0383758544922,0.026179370284080506,0.21018331,1.0222509,0.25075516
Train,1628160,126.80398559570312,0.024766403436660766,0.19815679,1.0174702,0.2512708
Train,1633280,126.69232940673828,0.02474459558725357,0.16590817,0.8446436,0.24777198
Train,1638400,130.97244262695312,0.025580555200576782,0.18628727,0.89190626,0.25086445
Train,1643520,131.1074676513672,0.025606927275657655,0.16940247,0.8143618,0.24754548
Train,1648640,139.69007873535156,0.027283218502998353,0.23004512,1.1013994,0.25195333
Train,1653760,141.23757934570312,0.02758546471595764,0.21612516,0.9661455,0.25008708
Train,1658880,136.2981719970703,0.026620736718177794,0.19886641,0.8997029,0.24964364
Train,1664000,131.71005249023438,0.0257246196269989,0.20234363,1.0120966,0.24668036
Train,1669120,131.59681701660156,0.025702503323554993,0.19480164,0.95951104,0.24730544
Train,1674240,137.22422790527344,0.026801607012748717,0.21571116,1.054779,0.24744272
Train,1679360,141.58851623535156,0.027654007077217102,0.24589181,1.1138448,0.24907021
Train,1684480,141.10487365722656,0.027559545636177064,0.25691912,1.120949,0.24889457
Train,1689600,137.78001403808594,0.02691015899181366,0.19007124,0.7731265,0.24900357
Train,1694720,128.23753356933594,0.025046393275260925,0.18136017,0.8980545,0.2452877
Train,1699840,128.58030700683594,0.025113341212272645,0.20929228,1.0992569,0.24549937
Train,1704960,138.84732055664062,0.027118617296218873,0.22390214,1.0773724,0.24719372
Train,1710080,126.26445770263672,0.024661026895046234,0.14781855,0.7115553,0.24396792
Train,1715200,125.36457824707031,0.024485269188880922,0.18200658,0.9058763,0.24315047
Train,1720320,120.96134185791016,0.023625262081623077,0.1822582,1.0546308,0.24246149
Train,1725440,123.5159683227539,0.024124212563037872,0.16647656,0.83779246,0.24362932
Train,1730560,124.25769805908203,0.02426908165216446,0.15780248,0.8047108,0.24234091
Train,1735680,134.04415893554688,0.026180499792099,0.2300118,1.1128628,0.24269474
Train,1740800,142.5137481689453,0.02783471643924713,0.26256165,1.1849718,0.24700995
Train,1745920,132.45387268066406,0.0258698970079422,0.21190181,0.9925745,0.24314418
Train,1751040,132.9209747314453,0.025961127877235413,0.20199294,0.88141984,0.24475002
Train,1756160,123.34965515136719,0.024091729521751405,0.15931426,0.84303874,0.24222402
Train,1761280,125.05680084228516,0.02442515641450882,0.176361,0.86288327,0.2412232
Train,1766400,122.86409759521484,0.0239968940615654,0.17175488,0.85691243,0.24002683
Train,1771520,117.50828552246094,0.022950837016105653,0.16343054,0.85590965,0.23853925
Train,1776640,129.483154296875,0.0252896785736084,0.19172437,0.9258988,0.24193326
Train,1781760,135.99293518066406,0.02656112015247345,0.22149248,1.0216343,0.2429391
Train,1786880,128.25140380859375,0.025049102306365967,0.16765738,0.7705058,0.2417575
Train,1792000,135.36276245117188,0.026438039541244508,0.2314295,1.0393807,0.24141832
Train,1797120,138.20970153808594,0.02699408233165741,0.1945182,0.8457738,0.2415711
Train,1802240,124.32132720947266,0.024281509220600128,0.18226056,0.97690004,0.23885201
Train,1807360,125.0705337524414,0.024427838623523712,0.17870978,0.97085667,0.23822474
Train,1812480,130.3767547607422,0.025464209914207458,0.19338945,0.97562116,0.23982732
Train,1817600,123.59703826904297,0.024140046536922456,0.16115923,0.77076346,0.23899308
Train,1822720,118.64745330810547,0.023173330724239348,0.15051945,0.82442385,0.23805876
Train,1827840,129.81764221191406,0.025355008244514466,0.2142128,1.0812736,0.24076962
Train,1832960,132.1881561279297,0.02581799924373627,0.18722923,0.8786143,0.24093175
Train,1838080,127.8606185913086,0.02497277706861496,0.15560012,0.76303893,0.23991437
Train,1843200,132.0291748046875,0.025786948204040528,0.20494881,1.016977,0.24119024
Train,1848320,140.29335021972656,0.027401044964790344,0.231595,1.0521406,0.24299529
Train,1853440,125.99718475341797,0.024608825147151948,0.16596265,0.81855005,0.23893669
Train,1858560,128.578125,0.0251129150390625,0.18135388,0.9173898,0.23658375
Train,1863680,128.56976318359375,0.025111281871795656,0.19291396,0.9604587,0.23866044
Train,1868800,123.20291137695312,0.024063068628311157,0.16909608,0.9008719,0.23684683
Train,1873920,123.31411743164062,0.02408478856086731,0.17322206,0.9065908,0.23796415
Train,1879040,127.02297973632812,0.02480917572975159,0.20048872,1.0353702,0.23677067
Train,1884160,124.2270278930664,0.024263091385364532,0.16558278,0.80776465,0.23714371
Train,1889280,122.34107208251953,0.023894740641117095,0.15606229,0.8233967,0.23647599
Train,1894400,125.06693267822266,0.024427135288715363,0.1913703,1.0051262,0.2370861
Train,1899520,132.61996459960938,0.025902336835861205,0.1925684,0.87460196,0.23898318
Train,1904640,130.66128540039062,0.025519782304763795,0.1532612,0.68808085,0.2395259
Train,1909760,120.15160369873047,0.023467110097408296,0.1650989,0.8896202,0.23400508
Train,1914880,127.68373107910156,0.024938228726387023,0.22125302,1.1264346,0.23683242
Train,1920000,118.51097869873047,0.023146675527095796,0.15005751,0.8227197,0.23404637
Train,1925120,118.83665466308594,0.023210284113883973,0.15177064,0.80945826,0.23342755
Train,1930240,126.37715148925781,0.024683037400245668,0.19498669,0.94982964,0.2349151
Train,1935360,121.69503021240234,0.023768560588359834,0.19361134,1.0188241,0.23498586
Train,1940480,124.65433502197266,0.024346549808979035,0.1818506,0.95541346,0.23565345
Train,1945600,123.43571472167969,0.024108538031578065,0.17262377,0.88277,0.23699835
Train,1950720,127.02992248535156,0.02481053173542023,0.18273135,0.8743498,0.23565851
Train,1955840,123.84977722167969,0.024189409613609315,0.1756525,0.8832573,0.23496456
Train,1960960,121.33944702148438,0.023699110746383666,0.19241776,1.0429947,0.23434535
Train,1966080,119.05574035644531,0.023253074288368224,0.16496398,0.90458417,0.23408723
Train,1971200,118.46434020996094,0.023137566447257996,0.12482116,0.6271432,0.2321227
Train,1976320,121.83121490478516,0.023795159161090852,0.14900936,0.72654384,0.23280612
Train,1981440,126.15814208984375,0.024640262126922607,0.20536625,1.0588146,0.23531257
Train,1986560,120.0093765258789,0.023439331352710722,0.16180533,0.8797445,0.2312067
Train,1991680,118.13903045654297,0.023074029386043547,0.1613783,0.84767294,0.23280807
Train,1996800,123.08843231201172,0.024040709435939788,0.17671922,0.8706261,0.23497795
Train,2001920,117.77477264404297,0.023002885282039642,0.1725287,0.9159866,0.23140518
Train,2007040,122.48805236816406,0.023923447728157042,0.17697726,0.8837926,0.23361881
Train,2012160,131.3357391357422,0.025651511549949647,0.23896182,1.1077131,0.23611696
Train,2017280,122.21036529541016,0.023869211971759795,0.17323929,0.79068244,0.23174742
Train,2022400,117.59634399414062,0.02296803593635559,0.16321276,0.90248954,0.23336
Train,2027520,126.93043518066406,0.02479110062122345,0.21233892,1.057197,0.23348713
Train,2032640,121.0480728149414,0.023642201721668244,0.18465982,1.0086039,0.2316227
Train,2037760,120.38888549804688,0.02351345419883728,0.14210725,0.67590773,0.23184565
Train,2042880,110.35493469238281,0.021553698182106017,0.14775538,0.87944084,0.22951081
Train,2048000,121.22740936279297,0.0236772283911705,0.16453369,0.88054657,0.23228888
Train,2053120,124.53801727294922,0.024323831498622894,0.18870533,0.98005193,0.2316258
Train,2058240,125.6326675415039,0.02453763037919998,0.16640194,0.80502963,0.23374839
Train,2063360,124.06781768798828,0.02423199564218521,0.16820751,0.794256,0.23107457
Train,2068480,123.0764389038086,0.024038366973400116,0.16432965,0.8308717,0.23213962
Train,2073600,114.68658447265625,0.022399723529815674,0.15665184,0.8953873,0.2311617
Train,2078720,103.44657897949219,0.020204409956932068,0.120503664,0.73376745,0.22602673
Train,2083840,106.66820526123047,0.020833633840084076,0.13300538,0.79576474,0.22811627
Train,2088960,108.90160369873047,0.021269844472408296,0.13862388,0.7976477,0.22699742
Train,2094080,124.82130432128906,0.02437916100025177,0.18637465,0.99160796,0.23274808
Train,2099200,110.4703598022461,0.02157624214887619,0.13969114,0.7802312,0.22887611
Train,2104320,112.4894027709961,0.021970586478710176,0.15135574,0.8370192,0.23089258
Train,2109440,115.03160095214844,0.02246710956096649,0.14576082,0.78550637,0.22826372
Train,2114560,122.30323028564453,0.023887349665164946,0.17142622,0.89211273,0.23212336
Train,2119680,113.0191879272461,0.022074060142040254,0.15077507,0.8481744,0.22796164
Train,2124800,114.1508560180664,0.022295089066028596,0.120418765,0.63258743,0.22934206
Train,2129920,115.79435729980469,0.022616085410118104,0.14154445,0.7422726,0.23152709
Train,2135040,113.85031127929688,0.02223638892173767,0.14947504,0.8052451,0.22858046
Train,2140160,109.43351745605469,0.02137373387813568,0.1457979,0.8465283,0.22952361
Train,2145280,107.02716064453125,0.02090374231338501,0.13986488,0.84826154,0.22971392
Train,2150400,112.4590835571289,0.02196466475725174,0.16368647,0.8903359,0.22917914
Train,2155520,113.59773254394531,0.022187057137489318,0.13204947,0.7338169,0.22737423
Train,2160640,117.43075561523438,0.022935694456100462,0.16131547,0.8503295,0.23049961
Train,2165760,114.70027160644531,0.02240239679813385,0.15870734,0.89898473,0.22887455
Train,2170880,123.23272705078125,0.024068892002105713,0.18202595,0.9647063,0.2326685
Train,2176000,127.40970611572266,0.02488470822572708,0.1905705,0.95379406,0.23203535
Train,2181120,114.28678131103516,0.022321636974811553,0.13462912,0.6726911,0.22833116
Train,2186240,114.75382232666016,0.022412855923175812,0.14784989,0.84952164,0.23029196
Train,2191360,118.72643280029297,0.023188756406307222,0.16321662,0.8355704,0.23195644
Train,2196480,117.50616455078125,0.022950422763824464,0.1518595,0.8479496,0.22879796
Train,2201600,111.99870300292969,0.021874746680259703,0.12142757,0.66241395,0.22873639
Train,2206720,122.42367553710938,0.023910874128341676,0.19215046,0.995554,0.23008429
Train,2211840,112.3397216796875,0.021941351890563964,0.13353513,0.75275415,0.22889245
Train,2216960,115.16239929199219,0.022492656111717226,0.15231232,0.802058,0.22886495
Train,2222080,107.26728820800781,0.020950642228126527,0.13603829,0.8038058,0.22681582
Train,2227200,117.43557739257812,0.022936636209487916,0.15000212,0.8100512,0.2274274
Train,2232320,112.99197387695312,0.022068744897842406,0.1394496,0.82554924,0.22701655
Train,2237440,111.44929504394531,0.021767440438270568,0.13088909,0.74363124,0.22640447
Train,2242560,113.96785736083984,0.022259347140789032,0.1436898,0.80267596,0.22878802
Train,2247680,114.11590576171875,0.022288262844085693,0.15686432,0.93529624,0.22737432
Train,2252800,113.8391342163086,0.022234205901622773,0.14656459,0.82003695,0.22735038
Train,2257920,108.36099243164062,0.02116425633430481,0.13278174,0.75020105,0.22582273
Train,2263040,110.3014144897461,0.021543245017528533,0.12927404,0.7532197,0.22597066
Train,2268160,112.05293273925781,0.02188533842563629,0.14651075,0.8419539,0.22884767
Train,2273280,106.76351165771484,0.02085224837064743,0.14697735,0.88060343,0.2240746
Train,2278400,106.2531509399414,0.020752568542957307,0.10732812,0.6549031,0.22491078
Train,2283520,115.6536865234375,0.022588610649108887,0.16159151,0.8736249,0.22626935
Train,2288640,123.45277404785156,0.024111869931221008,0.17329009,0.8568871,0.2312557
Train,2293760,115.22285461425781,0.02250446379184723,0.15521689,0.8617363,0.22722712
Train,2298880,108.7229232788086,0.021234945952892305,0.13094024,0.78759575,0.22578064
Train,2304000,113.64569854736328,0.02219642549753189,0.12017613,0.6534219,0.22630207
Train,2309120,111.99662780761719,0.02187434136867523,0.144852,0.8262231,0.22834082
Train,2314240,115.36272430419922,0.02253178209066391,0.16227913,0.88194275,0.227378
Train,2319360,123.014404296875,0.024026250839233397,0.17584117,0.91197747,0.22986308
Train,2324480,115.22058868408203,0.022504021227359772,0.13389543,0.7255425,0.22802702
Train,2329600,104.96471405029297,0.020500920712947845,0.119852595,0.7507353,0.22393887
Train,2334720,105.03428649902344,0.020514509081840514,0.1303081,0.81455564,0.22602487
Train,2339840,113.31147766113281,0.022131147980690002,0.15775055,0.8653704,0.22785883
Train,2344960,113.00550079345703,0.022071386873722076,0.11550488,0.6250779,0.22864056
Train,2350080,104.24806213378906,0.020360949635505676,0.08850961,0.49354678,0.22678004
Train,2355200,102.06455993652344,0.019934484362602235,0.12477603,0.7564613,0.22246435
Train,2360320,111.26025390625,0.021730518341064452,0.14013335,0.8177502,0.22718444
Train,2365440,109.86363220214844,0.021457740664482118,0.12796882,0.7051265,0.2259949
Train,2370560,101.07553100585938,0.01974131464958191,0.10424983,0.5932882,0.22439137
Train,2375680,105.8872299194336,0.020681099593639375,0.14353143,0.9111333,0.22444506
Train,2380800,111.87860870361328,0.02185129076242447,0.1720563,0.9896851,0.22868307
Train,2385920,121.71253967285156,0.023771980404853822,0.16662657,0.8021847,0.22815898
Train,2391040,98.23929595947266,0.019187362492084505,0.092510976,0.5408377,0.22314215
Train,2396160,105.19107818603516,0.02054513245820999,0.12629585,0.81995374,0.22338867
Train,2401280,100.21637725830078,0.019573511183261873,0.11949845,0.7464179,0.22275345
Train,2406400,101.31620025634766,0.0197883203625679,0.12223428,0.791564,0.22054291
Train,2411520,105.0636215209961,0.020520238578319548,0.11200338,0.6544435,0.22424026
Train,2416640,109.47710418701172,0.021382246911525727,0.13621321,0.7548211,0.2252084
Train,2421760,114.04874420166016,0.02227514535188675,0.1575704,0.86166626,0.22558177
Train,2426880,105.729736328125,0.020650339126586915,0.11989577,0.696156,0.22387786
Train,2432000,105.77661895751953,0.020659495890140534,0.1359728,0.81554896,0.22473602
Train,2437120,101.69798278808594,0.019862887263298035,0.111811236,0.6951191,0.2240903
Train,2442240,109.33307647705078,0.02135411649942398,0.14541535,0.8771386,0.22377498
Train,2447360,109.7353515625,0.02143268585205078,0.12161455,0.6609933,0.22393198
Train,2452480,105.37464904785156,0.02058098614215851,0.12276087,0.7252008,0.22263014
Train,2457600,109.95848846435547,0.021476267278194426,0.11529829,0.6613719,0.22337711
Train,2462720,110.25870513916016,0.021534903347492217,0.14430164,0.8377399,0.22505319
Train,2467840,113.60396575927734,0.022188274562358855,0.15605137,0.87045574,0.22738388
Train,2472960,114.07746124267578,0.022280754148960115,0.1608123,0.91204846,0.22514892
Train,2478080,115.97450256347656,0.022651270031929016,0.14024706,0.77403986,0.2276498
Train,2483200,115.72673797607422,0.022602878510951996,0.14351459,0.7782887,0.22703634
Train,2488320,113.59943389892578,0.02218738943338394,0.14816312,0.8118993,0.22604947
Train,2493440,119.33773803710938,0.023308151960372926,0.14129874,0.7601844,0.22975595
Train,2498560,106.40634155273438,0.020782488584518432,0.13338904,0.750014,0.22351332
Train,2503680,104.3553695678711,0.020381908118724822,0.11194535,0.6553848,0.22399537
Train,2508800,113.77760314941406,0.022222188115119935,0.15670839,0.8834346,0.22698627
Train,2513920,112.03494262695312,0.02188182473182678,0.1580207,0.8948028,0.22534156
Train,2519040,114.15582275390625,0.022296059131622314,0.13109425,0.7593871,0.22632909
Train,2524160,108.52647399902344,0.021196576952934264,0.122185685,0.65342885,0.2244182
Train,2529280,101.53336334228516,0.01983073502779007,0.102844775,0.65152574,0.223706
Train,2534400,101.7076644897461,0.019864778220653533,0.109917484,0.6978217,0.22184919
Train,2539520,109.78218841552734,0.021441833674907686,0.12683517,0.71982026,0.22646265
Train,2544640,104.0450439453125,0.020321297645568847,0.12998453,0.77549624,0.2234118
Train,2549760,104.74063873291016,0.020457156002521515,0.11146722,0.7087389,0.2218442
Train,2554880,111.03178405761719,0.021685895323753358,0.13746668,0.80451936,0.2260062
Train,2560000,107.13661193847656,0.020925119519233704,0.13327931,0.8121537,0.22434095
Train,2565120,117.93916320800781,0.023034992814064025,0.15542032,0.8186904,0.2262467
Train,2570240,109.06233978271484,0.02130123823881149,0.14075582,0.79437923,0.2252665
Train,2575360,106.03278350830078,0.020709528028964995,0.13755673,0.8590981,0.22337559
Train,2580480,110.94403076171875,0.021668756008148195,0.1270821,0.7298798,0.22557358
Train,2585600,105.11260223388672,0.020529805123806,0.11367028,0.6756523,0.22379719
Train,2590720,105.3802719116211,0.020582084357738496,0.11669766,0.689469,0.22529037
Train,2595840,106.4599838256836,0.020792965590953828,0.14249562,0.8909116,0.22288509
Train,2600960,105.89877319335938,0.020683354139328,0.10547204,0.64401084,0.22339454
Train,2606080,102.1722640991211,0.01995552033185959,0.12882277,0.8380273,0.22321323
Train,2611200,102.35752868652344,0.01999170482158661,0.11015475,0.66620183,0.22689867
Train,2616320,112.41402435302734,0.021955864131450654,0.1657316,0.98241776,0.22506581
Train,2621440,98.2472152709961,0.019188909232616423,0.10683193,0.64685434,0.22273822
Train,2626560,107.98136138916016,0.021090109646320344,0.12163861,0.6786027,0.22454827
Train,2631680,104.61237335205078,0.02043210417032242,0.11708915,0.6424268,0.22463684
Train,2636800,104.55030059814453,0.020419980585575103,0.13641354,0.8465926,0.22423506
Train,2641920,101.54024505615234,0.019832079112529755,0.11295404,0.6571603,0.22178212
Train,2647040,105.16584777832031,0.020540204644203187,0.13812089,0.84597385,0.22351174
Train,2652160,103.3451156616211,0.02018459290266037,0.12083117,0.7508363,0.22308826
Train,2657280,108.19290924072266,0.021131427586078645,0.13023919,0.75965214,0.22722307
Train,2662400,107.23594665527344,0.020944520831108093,0.10250922,0.60046905,0.22552514
Train,2667520,121.9163818359375,0.02381179332733154,0.17240372,0.91346836,0.2288142
Train,2672640,110.1156997680664,0.02150697261095047,0.12035389,0.6531364,0.22474317
Train,2677760,111.58309936523438,0.02179357409477234,0.14892207,0.85729647,0.22665627
Train,2682880,114.16983795166016,0.022298796474933623,0.15647002,0.8759453,0.2266479
Train,2688000,110.40957641601562,0.02156437039375305,0.1499094,0.8449537,0.22610164
Train,2693120,99.92349243164062,0.01951630711555481,0.10951171,0.6778661,0.22145331
Train,2698240,100.93756866455078,0.019714368879795073,0.110966675,0.6928031,0.22083679
Train,2703360,109.91560363769531,0.021467891335487366,0.1505394,0.84129155,0.22385406
Train,2708480,98.63384246826172,0.019264422357082367,0.11294532,0.760775,0.22503643
Train,2713600,110.87947082519531,0.021656146645545958,0.14084987,0.8221587,0.22576427
Train,2718720,113.74678039550781,0.02221616804599762,0.13351987,0.7129831,0.22670017
Train,2723840,104.56600189208984,0.020423047244548798,0.14107297,0.8268251,0.22445886
Train,2728960,105.66658782958984,0.020638005435466768,0.14473142,0.89027494,0.22442774
Train,2734080,106.50198364257812,0.02080116868019104,0.110525034,0.64692914,0.22249739
Train,2739200,111.07430267333984,0.02169419974088669,0.13202623,0.72072816,0.2252276
Train,2744320,110.06675720214844,0.021497413516044617,0.15077482,0.90024614,0.22351725
Train,2749440,111.00310516357422,0.021680293977260588,0.15259223,0.8553847,0.22559813
Train,2754560,107.20437622070312,0.02093835473060608,0.14355484,0.87722236,0.22459841
Train,2759680,99.30391693115234,0.019395296275615693,0.0863016,0.5245546,0.22164932
Train,2764800,104.780517578125,0.02046494483947754,0.12639983,0.76530975,0.22312918
Train,2769920,103.73748779296875,0.02026122808456421,0.11656308,0.7176467,0.22383158
Train,2775040,103.36151885986328,0.02018779665231705,0.12016763,0.7317615,0.22578363
Train,2780160,114.77655792236328,0.02241729646921158,0.16604845,0.81292945,0.22629027
Train,2785280,101.64537048339844,0.019852611422538757,0.099985324,0.5888225,0.22270189
Train,2790400,99.95268249511719,0.019522008299827576,0.12387498,0.80285597,0.22289777
Train,2795520,98.5205078125,0.019242286682128906,0.11189344,0.7150963,0.22248355
Train,2800640,107.20762634277344,0.020938989520072938,0.14665198,0.82826483,0.22474532
Train,2805760,108.37443542480469,0.021166881918907164,0.13570672,0.7922249,0.2250649
Train,2810880,109.85938262939453,0.021456910669803618,0.1501389,0.8856524,0.22389947
Train,2816000,103.92328643798828,0.020297516882419587,0.1254345,0.7705477,0.2238696
Train,2821120,102.73088073730469,0.02006462514400482,0.13025771,0.7751642,0.22374792
Train,2826240,102.6682357788086,0.020052389800548555,0.11873317,0.7356043,0.22300445
Train,2831360,98.84677124023438,0.019306010007858275,0.10171572,0.6287532,0.22311747
Train,2836480,102.45658874511719,0.0200110524892807,0.11966763,0.76240873,0.22386812
Train,2841600,103.95446014404297,0.02030360549688339,0.10340498,0.61673766,0.222191
Train,2846720,101.91490936279297,0.019905255734920503,0.13003594,0.85700893,0.22410671
Train,2851840,106.60261535644531,0.020820823311805726,0.12939261,0.7426146,0.22416763
Train,2856960,104.46805572509766,0.020403917133808135,0.1176306,0.701924,0.22356455
Train,2862080,104.93878936767578,0.020495857298374175,0.0982316,0.53779685,0.22311305
Train,2867200,108.81822967529297,0.02125356048345566,0.13626222,0.80694,0.22224446
Train,2872320,106.61445617675781,0.02082313597202301,0.13125114,0.8122193,0.22361815
Train,2877440,104.60796356201172,0.020431242883205414,0.11718749,0.70383036,0.22320743
Train,2882560,104.22563934326172,0.020356570184230805,0.11312225,0.6716371,0.22487044
Train,2887680,99.6471939086914,0.01946234256029129,0.09040775,0.53714114,0.22278877
Train,2892800,106.6195297241211,0.0208241268992424,0.1364019,0.8210938,0.22271843
Train,2897920,101.50129699707031,0.019824472069740296,0.11028852,0.66356415,0.2221731
Train,2903040,102.00533294677734,0.01992291659116745,0.12663615,0.7957754,0.22374307
Train,2908160,101.03892517089844,0.0197341650724411,0.10577486,0.6090878,0.22364919
Train,2913280,104.34471893310547,0.020379827916622163,0.14317237,0.84512615,0.22183295
Train,2918400,110.6078109741211,0.021603088080883025,0.1028096,0.5761702,0.22434859
Train,2923520,108.15837860107422,0.02112468332052231,0.12914799,0.72955257,0.22365661
Train,2928640,107.94200134277344,0.021082422137260436,0.13336179,0.78761494,0.22494431
Train,2933760,105.38880920410156,0.020583751797676086,0.14669026,0.9070358,0.22562413
Train,2938880,99.09577178955078,0.01935464292764664,0.10664427,0.6734708,0.22124982
Train,2944000,96.05500793457031,0.018760743737220763,0.10822888,0.71599793,0.22072874
Train,2949120,100.727294921875,0.01967329978942871,0.10858703,0.7271786,0.2225168
Train,2954240,97.73701477050781,0.01908926069736481,0.1096458,0.6950401,0.22336231
Train,2959360,98.12189483642578,0.01916443258523941,0.10323429,0.6789837,0.22196713
Train,2964480,102.59708404541016,0.02003849297761917,0.12012644,0.70336664,0.22331952
Train,2969600,104.61309814453125,0.02043224573135376,0.12218694,0.7335117,0.22209862
Train,2974720,101.72006225585938,0.019867199659347533,0.12439885,0.77148044,0.22231965
Train,2979840,100.56702423095703,0.019641996920108797,0.113119625,0.7294355,0.22148411
Train,2984960,99.48738098144531,0.019431129097938538,0.11721679,0.7670969,0.22267218
Train,2990080,103.80048370361328,0.02027353197336197,0.12781076,0.8328471,0.22257696
Train,2995200,107.1690902709961,0.020931462943553924,0.113964975,0.691018,0.22402434
Train,3000320,103.9754409790039,0.0203077033162117,0.1258937,0.74510294,0.22223766
Train,3005440,99.98577117919922,0.019528470933437347,0.108758725,0.6947186,0.22163574
Train,3010560,102.1012191772461,0.01994164437055588,0.10598661,0.6843141,0.22127174
Train,3015680,105.49706268310547,0.020604895055294038,0.12585102,0.7569655,0.22373748
Train,3020800,102.67623138427734,0.020053951442241667,0.12840095,0.79533,0.22135079
Train,3025920,102.22793579101562,0.01996639370918274,0.11596029,0.6995355,0.22187665
Train,3031040,101.9532470703125,0.01991274356842041,0.1127904,0.7065914,0.22291715
Train,3036160,97.26892852783203,0.018997837603092194,0.09850087,0.62630826,0.21842925
Train,3041280,100.49150085449219,0.019627246260643005,0.10515856,0.6834517,0.22183035
Train,3046400,110.41551971435547,0.021565531194210053,0.14856204,0.86811006,0.22465956
Train,3051520,106.12560272216797,0.02072765678167343,0.12903571,0.7158164,0.22629638
Train,3056640,109.60548400878906,0.021407321095466614,0.1331154,0.7845312,0.22662179
Train,3061760,108.42903900146484,0.021177546679973604,0.115401104,0.6541462,0.22510849
Train,3066880,104.43363189697266,0.020397193729877472,0.114581846,0.6966826,0.2242494
Train,3072000,99.28482055664062,0.019391566514968872,0.12674543,0.8506362,0.22275944
Train,3077120,100.30197143554688,0.01959022879600525,0.12715933,0.8143242,0.22437279
Train,3082240,101.346923828125,0.019794321060180663,0.08162572,0.46090874,0.22277415
Train,3087360,106.8348388671875,0.02086617946624756,0.12726308,0.72362673,0.22386329
Train,3092480,105.10867309570312,0.020529037714004515,0.14674254,0.8628303,0.22449572
Train,3097600,101.90373992919922,0.01990307420492172,0.123714544,0.7332133,0.22489901
Train,3102720,93.38890838623047,0.01824002116918564,0.10235079,0.7022053,0.2213273
Train,3107840,93.40770721435547,0.018243692815303802,0.07532153,0.49620423,0.22089396
Train,3112960,92.3165512084961,0.018030576407909393,0.10603728,0.76980644,0.22138427
Train,3118080,91.060546875,0.017785263061523438,0.08725139,0.58434004,0.22056286
Train,3123200,95.4156723022461,0.01863587349653244,0.10635078,0.66819525,0.22174087
Train,3128320,100.91964721679688,0.01971086859703064,0.10570728,0.61397564,0.22171159
Train,3133440,102.9034194946289,0.020098324120044708,0.12276168,0.73733866,0.2223786
Train,3138560,99.55683898925781,0.019444695115089415,0.1150309,0.74946094,0.2224539
Train,3143680,104.95938873291016,0.020499880611896514,0.112563394,0.7022304,0.22243252
Train,3148800,106.28942108154297,0.02075965255498886,0.10859175,0.6179096,0.22338407
Train,3153920,108.8332748413086,0.021256498992443085,0.1377335,0.7666024,0.22459975
Train,3159040,96.82837677001953,0.01891179233789444,0.10857506,0.7113676,0.2194966
Train,3164160,98.54061126708984,0.019246213138103485,0.11970409,0.7984852,0.22156227
Train,3169280,100.82213592529297,0.01969182342290878,0.10911324,0.66066444,0.22233139
Train,3174400,102.66149139404297,0.020051072537899017,0.11351087,0.7053142,0.22299857
Train,3179520,99.78060150146484,0.019488398730754853,0.12033945,0.7906156,0.22183497
Train,3184640,105.71430969238281,0.02064732611179352,0.11378989,0.6825157,0.22413187
Train,3189760,97.44493103027344,0.01903221309185028,0.10833456,0.6991597,0.22128399
Train,3194880,94.07965087890625,0.018374931812286378,0.102994256,0.71655494,0.22074123
Train,3200000,93.84014129638672,0.01832815259695053,0.114027254,0.8067821,0.21931294
Train,3205120,96.69923400878906,0.018886569142341613,0.10089582,0.6530676,0.21967284
Train,3210240,91.76118469238281,0.017922106385231017,0.09402349,0.63592243,0.22078066
Train,3215360,99.76789855957031,0.019485917687416077,0.115452744,0.7038816,0.22138791
Train,3220480,100.37664794921875,0.019604814052581788,0.112566404,0.706355,0.22039738
Train,3225600,101.9213638305664,0.0199065163731575,0.111464284,0.69075865,0.22161694
Train,3230720,101.9330062866211,0.019908790290355683,0.111123495,0.6864942,0.22165313
Train,3235840,104.22986602783203,0.020357395708560943,0.1169346,0.68224883,0.22308397
Train,3240960,102.76883697509766,0.02007203847169876,0.124153875,0.71915346,0.22115646
Train,3246080,102.55679321289062,0.0200306236743927,0.11341716,0.6652453,0.22499616
Train,3251200,101.94650268554688,0.019911426305770873,0.13089867,0.8135198,0.22254348
Train,3256320,98.82105255126953,0.01930098682641983,0.119806744,0.8155225,0.22026949
Train,3261440,99.8946304321289,0.019510670006275176,0.106934,0.6911831,0.219804
Train,3266560,96.13948822021484,0.01877724379301071,0.090473704,0.5569165,0.21848607
Train,3271680,97.55021667480469,0.01905277669429779,0.11401065,0.76681924,0.21897255
Train,3276800,104.73380279541016,0.020455820858478545,0.12944499,0.77321374,0.22215748
Train,3281920,100.8538818359375,0.019698023796081543,0.12568098,0.7978368,0.22109988
Train,3287040,99.35429382324219,0.01940513551235199,0.1120105,0.76181036,0.22323985
Train,3292160,95.07161712646484,0.018568675220012664,0.0939757,0.6354698,0.2204231
Train,3297280,92.68010711669922,0.018101583421230315,0.09629638,0.690102,0.2194386
Train,3302400,103.59089660644531,0.02023259699344635,0.10640831,0.6728963,0.22335656
Train,3307520,100.27153778076172,0.019584284722805025,0.11458802,0.70823544,0.22099309
Train,3312640,92.25094604492188,0.018017762899398805,0.10314562,0.7363486,0.21974528
Train,3317760,107.26699829101562,0.02095058560371399,0.14378233,0.89232296,0.22460666
Train,3322880,98.1913070678711,0.019177989661693574,0.09566002,0.61105067,0.22109409
Train,3328000,96.20515441894531,0.018790069222450256,0.08552658,0.5144433,0.22058709
Train,3333120,102.32940673828125,0.019986212253570557,0.121186875,0.73106927,0.22214322
Train,3338240,102.65288543701172,0.02004939168691635,0.10925176,0.6677535,0.22124758
Train,3343360,95.34129333496094,0.018621346354484557,0.10348699,0.6677113,0.22071634
Train,3348480,101.65292358398438,0.019854086637496948,0.13197763,0.78461033,0.22162667
Train,3353600,96.42122650146484,0.018832270801067353,0.08839237,0.5470665,0.21968324
Train,3358720,92.14140319824219,0.017996367812156678,0.104696155,0.7467114,0.22018166
Train,3363840,99.71327209472656,0.019475248456001282,0.11300316,0.73102766,0.22180986
Train,3368960,103.55897521972656,0.020226362347602844,0.1259874,0.7493551,0.22198574
Train,3374080,97.31715393066406,0.019007256627082823,0.109930925,0.7185132,0.2216395
Train,3379200,93.7386474609375,0.018308329582214355,0.08556192,0.6027058,0.21936369
Train,3384320,99.62772369384766,0.01945853978395462,0.114535026,0.7548382,0.22201858
Train,3389440,100.42501068115234,0.019614259898662566,0.13196464,0.8171942,0.22241616
Train,3394560,97.07584381103516,0.018960125744342804,0.10329349,0.69193685,0.21996868
Train,3399680,99.60149383544922,0.019453416764736175,0.09766976,0.6006057,0.22157116
Train,3404800,96.36656951904297,0.01882159560918808,0.09968916,0.6479625,0.22345296
Train,3409920,95.50987243652344,0.018654271960258484,0.11757391,0.79463124,0.21919742
Train,3415040,101.005615234375,0.019727659225463868,0.09261842,0.5512449,0.21963988
Train,3420160,92.28458404541016,0.01802433282136917,0.094738774,0.6380163,0.22066641
Train,3425280,95.71893310546875,0.018695104122161865,0.0955823,0.6258105,0.21978918
Train,3430400,94.94951629638672,0.01854482740163803,0.09867625,0.654086,0.22175193
Train,3435520,94.23223876953125,0.018404734134674073,0.08866518,0.59299076,0.22135548
Train,3440640,98.65699768066406,0.0192689448595047,0.1167444,0.77292216,0.22492409
Train,3445760,94.44341278076172,0.018445979058742522,0.09608324,0.6117703,0.22059254
Train,3450880,91.98054504394531,0.017964950203895567,0.088922955,0.617046,0.21951795
Train,3456000,99.54833221435547,0.0194430336356163,0.10943227,0.6693852,0.22402246
Train,3461120,104.36296844482422,0.02038339227437973,0.12740752,0.80149233,0.22307487
Train,3466240,98.57522583007812,0.019252973794937133,0.10611781,0.7027293,0.22008567
Train,3471360,100.53248596191406,0.01963525116443634,0.12018304,0.77542824,0.22273694
Train,3476480,92.71246337890625,0.018107903003692628,0.09372578,0.6349506,0.21887794
Train,3481600,95.27489471435547,0.018608377873897554,0.080685094,0.5023528,0.21987377
Train,3486720,94.9574203491211,0.018546371161937712,0.10224569,0.70584863,0.21978085
Train,3491840,100.87963104248047,0.019703052937984467,0.11759408,0.7555821,0.22260101
Train,3496960,98.50784301757812,0.019239813089370728,0.12438599,0.811913,0.22063668
Train,3502080,99.79188537597656,0.01949060261249542,0.12580578,0.7083468,0.22287093
Train,3507200,96.59552764892578,0.018866313993930815,0.110277675,0.74262196,0.21972774
Train,3512320,95.33346557617188,0.01861981749534607,0.089173555,0.58573496,0.22120069
Train,3517440,100.4438247680664,0.01961793452501297,0.12460797,0.8277732,0.22032814
Train,3522560,99.81929016113281,0.01949595510959625,0.09691531,0.53386617,0.22201462
Train,3527680,95.04912567138672,0.018564282357692717,0.09500398,0.62062466,0.22036795
Train,3532800,93.67960357666016,0.018296797573566437,0.10155629,0.7005176,0.21853085
Train,3537920,100.14112854003906,0.01955881416797638,0.11508014,0.75779206,0.22305548
Train,3543040,99.75636291503906,0.01948366463184357,0.12812237,0.80058134,0.22192608
Train,3548160,96.45748138427734,0.01883935183286667,0.10835343,0.6549873,0.22083078
Train,3553280,95.4741439819336,0.018647293746471404,0.10644334,0.70667917,0.2204839
Train,3558400,91.21971893310547,0.017816351354122163,0.10308359,0.72656494,0.22021826
Train,3563520,93.95205688476562,0.018350011110305785,0.10195594,0.6976869,0.22069862
Train,3568640,96.42729949951172,0.01883345693349838,0.08620677,0.52374846,0.22140689
Train,3573760,96.6536636352539,0.018877668678760527,0.113084435,0.7557353,0.221306
Train,3578880,94.41107940673828,0.01843966394662857,0.10492374,0.7112924,0.22100936
Train,3584000,91.69588470458984,0.017909352481365205,0.08619278,0.5257877,0.21968852
Train,3589120,89.14485931396484,0.01741110533475876,0.089764915,0.61752546,0.21938542
Train,3594240,89.95845031738281,0.01757000982761383,0.08647963,0.6260613,0.21936531
Train,3599360,95.75386047363281,0.01870192587375641,0.1118527,0.7522709,0.21987334
Train,3604480,95.56534576416016,0.018665106594562532,0.087752454,0.5286779,0.22047727
Train,3609600,100.51576232910156,0.019631984829902648,0.11649729,0.7612387,0.22086473
Train,3614720,105.3402099609375,0.020574259757995605,0.13982219,0.88793,0.22229706
Train,3619840,99.7668685913086,0.01948571652173996,0.10106263,0.5829823,0.22157171
Train,3624960,92.26017761230469,0.01801956593990326,0.083801955,0.5799682,0.21845031
Train,3630080,100.14322662353516,0.01955922394990921,0.12340792,0.7430579,0.2203239
Train,3635200,107.67172241210938,0.021029633283615113,0.14586356,0.87897986,0.22454815
Train,3640320,102.28126525878906,0.01997680962085724,0.116240576,0.7252626,0.22296427
Train,3645440,89.46033477783203,0.01747272163629532,0.09207167,0.6520134,0.21761775
Train,3650560,93.05381774902344,0.01817457377910614,0.108917,0.73410326,0.22073005
Train,3655680,94.05745697021484,0.018370597064495085,0.09795734,0.65365106,0.22004128
Train,3660800,99.22506713867188,0.01937989592552185,0.101266794,0.6516563,0.22133794
Train,3665920,91.34877014160156,0.017841556668281557,0.07380342,0.50194925,0.21949796
Train,3671040,87.0035400390625,0.016992878913879395,0.08567231,0.6377108,0.22008303
Train,3676160,95.82113647460938,0.018715065717697144,0.101652384,0.6900583,0.21984167
Train,3681280,99.97240447998047,0.019525860249996186,0.11508272,0.7342268,0.22356132
Train,3686400,102.18277740478516,0.019957573711872102,0.11580975,0.6562965,0.22195597
Train,3691520,98.77459716796875,0.019291913509368895,0.10684512,0.6533673,0.22243968
Train,3696640,96.23735809326172,0.01879635900259018,0.11188301,0.72038686,0.22174919
Train,3701760,95.8937759399414,0.018729253113269805,0.10166668,0.63870925,0.21964113
Train,3706880,99.45613098144531,0.019425025582313536,0.10728421,0.6456207,0.2225586
Train,3712000,103.96565246582031,0.02030579149723053,0.11482804,0.6665021,0.2225474
Train,3717120,103.88147735595703,0.02028935104608536,0.12493272,0.69481444,0.22309375
Train,3722240,97.25545501708984,0.01899520605802536,0.11660021,0.74291384,0.22332214
Train,3727360,101.33922576904297,0.019792817533016205,0.1313856,0.84542596,0.22345257
Train,3732480,102.4489517211914,0.020009560883045195,0.107753806,0.69116664,0.22039774
Train,3737600,94.21883392333984,0.018402116000652315,0.09816557,0.6456318,0.21994261
Train,3742720,103.44683074951172,0.020204459130764008,0.12416923,0.8029863,0.22308412
Train,3747840,103.161865234375,0.020148801803588866,0.12274035,0.7606246,0.22180171
Train,3752960,107.3990707397461,0.02097638100385666,0.13942063,0.8293529,0.22416249
Train,3758080,91.39567565917969,0.01785071790218353,0.07277807,0.4729045,0.21979026
Train,3763200,94.25919342041016,0.01840999871492386,0.096544735,0.6599326,0.21800867
Train,3768320,92.45303344726562,0.018057233095169066,0.09966958,0.66700655,0.21834111
Train,3773440,89.54450988769531,0.01748916208744049,0.10190984,0.73114157,0.21877733
Train,3778560,90.48568725585938,0.017672985792160034,0.09298511,0.6523476,0.21717773
Train,3783680,95.6662368774414,0.018684811890125275,0.095796295,0.6402321,0.21919294
Train,3788800,96.6711654663086,0.018881087005138398,0.10959984,0.7506044,0.22065286
Train,3793920,95.20294189453125,0.018594324588775635,0.11136203,0.7669499,0.2189081
Train,3799040,93.0750732421875,0.018178725242614747,0.09307758,0.63087434,0.22306028
Train,3804160,92.04329681396484,0.017977206408977507,0.091226056,0.6437758,0.22029753
Train,3809280,87.81214904785156,0.017150810360908507,0.08744516,0.629467,0.22055483
Train,3814400,93.8723373413086,0.018334440886974335,0.10289474,0.6722528,0.21955422
Train,3819520,92.8136215209961,0.01812766045331955,0.08226695,0.5555515,0.22065549
Train,3824640,94.27207946777344,0.0184125155210495,0.11181624,0.7883888,0.22030798
Train,3829760,100.05522918701172,0.019542036950588225,0.11643276,0.76063883,0.22306226
Train,3834880,92.65602111816406,0.01809687912464142,0.09717559,0.6046231,0.22095509
Train,3840000,99.95110321044922,0.019521699845790864,0.10969045,0.6456924,0.22228578
Train,3845120,92.091064453125,0.017986536026000977,0.07654536,0.4514386,0.21856771
Train,3850240,94.88693237304688,0.018532603979110718,0.112775646,0.7739527,0.22106734
Train,3855360,96.70578002929688,0.018887847661972046,0.09549226,0.5815335,0.2208159
Train,3860480,96.63479614257812,0.01887398362159729,0.1189996,0.7839923,0.2219882
Train,3865600,91.82952880859375,0.017935454845428467,0.09751861,0.6445818,0.22010541
Train,3870720,90.44934844970703,0.017665888369083404,0.08457362,0.6150653,0.22056504
Train,3875840,90.45943450927734,0.01766785830259323,0.094183244,0.6662256,0.21784572
Train,3880960,93.63033294677734,0.01828717440366745,0.108340025,0.75281185,0.21897553
Train,3886080,93.86141967773438,0.018332308530807494,0.098944925,0.6690842,0.22050448
Train,3891200,89.41046142578125,0.0174629807472229,0.08926662,0.6270031,0.21854745
Train,3896320,93.84672546386719,0.01832943856716156,0.087585896,0.58454037,0.22173528
Train,3901440,104.29591369628906,0.020370295643806456,0.12473545,0.7649446,0.2227397
Train,3906560,94.26290130615234,0.01841072291135788,0.10792072,0.7416809,0.22162643
Train,3911680,91.38237762451172,0.017848120629787446,0.09933606,0.6871092,0.22030841
Train,3916800,94.28011322021484,0.018414084613323212,0.11324229,0.7476952,0.22190471
Train,3921920,94.51844787597656,0.01846063435077667,0.08368715,0.53025585,0.2209878
Train,3927040,94.88416290283203,0.01853206306695938,0.10733842,0.7210847,0.22044666
Train,3932160,90.17377471923828,0.017612065374851226,0.077920996,0.5381653,0.22156005
Train,3937280,84.09581756591797,0.016424964368343353,0.08442763,0.6560699,0.21655498
Train,3942400,90.9280776977539,0.01775939017534256,0.10199304,0.7234887,0.22229743
Train,3947520,90.9170150756836,0.017757229506969452,0.08988671,0.6027117,0.21851932
Train,3952640,91.8705062866211,0.017943458259105684,0.0947162,0.61658746,0.21883993
Train,3957760,94.08777618408203,0.018376518785953522,0.104429506,0.6773172,0.22096
Train,3962880,93.65229797363281,0.018291464447975157,0.09092718,0.60584784,0.21983431
Train,3968000,95.53985595703125,0.018660128116607666,0.11103868,0.69367194,0.21742487
Train,3973120,97.47979736328125,0.01903902292251587,0.097694494,0.61500835,0.22049367
Train,3978240,94.76671600341797,0.018509124219417573,0.09321817,0.58049357,0.21953574
Train,3983360,91.34199523925781,0.017840233445167542,0.08667364,0.59496945,0.21866857
Train,3988480,94.02464294433594,0.018364188075065613,0.09800742,0.67402565,0.2194403
Train,3993600,84.18087005615234,0.016441576182842255,0.0642002,0.44366136,0.21875048
Train,3998720,91.27346801757812,0.01782684922218323,0.0742941,0.5453211,0.21869238
Train,4003840,88.51507568359375,0.017288100719451905,0.08404233,0.60480773,0.21902052
