Train,Time_Steps,Extrinsic Reward,Extrinsic Reward Rate,Critic_Loss,Actor_loss,Curiosity_Loss,Forward_Loss,Inverse_Loss
Train,5120,10,0.001953125,0.19608758,0.07086017,2.7134275,0.003373262,2.7100542
Train,10240,60,0.01171875,1.112194,0.5109358,2.7129471,0.003101223,2.7098458
Train,15360,10,0.001953125,0.19646375,0.075905,2.7117393,0.002899368,2.70884
Train,20480,10,0.001953125,0.17467003,0.040236205,2.7122562,0.002735904,2.7095203
Train,25600,20,0.00390625,0.31559023,0.09517424,2.711554,0.002598175,2.7089558
Train,30720,30,0.005859375,0.5777382,0.24904534,2.7114432,0.002473475,2.7089696
Train,35840,0,0,3.60E-05,-0.03579969,2.712106,0.002344897,2.7097614
Train,40960,0,0,1.88E-05,-0.031616833,2.7121425,0.002234758,2.7099075
Train,46080,40,0.0078125,0.6084338,0.27662706,2.7111175,0.002159792,2.7089577
Train,51200,50,0.009765625,0.69798005,0.2779035,2.7115448,0.002049365,2.7094955
Train,56320,20,0.00390625,0.35900983,0.124981835,2.7111557,0.001972815,2.7091832
Train,61440,20,0.00390625,0.3919985,0.17132196,2.710673,0.001924819,2.7087483
Train,66560,50,0.009765625,0.8038098,0.3695543,2.7111351,0.001881445,2.7092538
Train,71680,10,0.001953125,0.19637476,0.06373371,2.710367,0.00188138,2.7084856
Train,76800,20,0.00390625,0.39253673,0.16324632,2.7107713,0.001855817,2.7089155
Train,81920,10,0.001953125,0.019481277,-0.028763358,2.7102487,0.001852001,2.7083967
Train,87040,0,0,0.000297254,-0.048717372,2.7101724,0.001848089,2.7083244
Train,92160,40,0.0078125,0.78345174,0.3598964,2.7097642,0.001803689,2.7079608
Train,97280,0,0,0.000303675,-0.04773601,2.7095878,0.001730759,2.707857
Train,102400,0,0,0.000296482,-0.047846884,2.7109609,0.00162039,2.7093403
Train,107520,20,0.00390625,0.39079872,0.14867592,2.708699,0.00155987,2.707139
Train,112640,40,0.0078125,0.6037057,0.25410086,2.7094617,0.001520107,2.7079415
Train,117760,10,0.001953125,0.19474314,0.06014618,2.7094364,0.001470952,2.7079656
Train,122880,10,0.001953125,0.19459765,0.05316809,2.7080114,0.00143867,2.7065728
Train,128000,0,0,0.000593496,-0.061440594,2.7088296,0.001404364,2.707425
Train,133120,10,0.001953125,0.19129275,0.00911952,2.7090528,0.001433008,2.7076194
Train,138240,10,0.001953125,0.13420992,-0.023497906,2.708882,0.001431278,2.7074509
Train,143360,0,0,0.000541543,-0.056503467,2.7087226,0.001419063,2.7073035
Train,148480,30,0.005859375,0.5523957,0.20321201,2.7087097,0.001391409,2.7073183
Train,153600,40,0.0078125,0.72867864,0.3017906,2.7085679,0.001334221,2.7072334
Train,158720,10,0.001953125,0.19486122,0.034958504,2.7087383,0.001320712,2.7074177
Train,163840,0,0,0.000740972,-0.058077723,2.708337,0.001305098,2.707032
Train,168960,10,0.001953125,0.19500887,0.050815262,2.7089853,0.001299485,2.707686
Train,174080,10,0.001953125,0.19384749,0.041622415,2.7080019,0.001237239,2.7067647
Train,179200,30,0.005859375,0.58278066,0.23778734,2.7078636,0.001257371,2.7066061
Train,184320,30,0.005859375,0.1880492,-0.016943634,2.7076783,0.001284234,2.706394
Train,189440,20,0.00390625,0.38820612,0.14620928,2.7074063,0.001315567,2.706091
Train,194560,10,0.001953125,0.1953007,0.0064881,2.7077425,0.001260298,2.7064822
Train,199680,0,0,0.001716856,-0.08442297,2.708246,0.001168591,2.7070775
Train,204800,40,0.0078125,0.6000534,0.22774714,2.7073083,0.001091224,2.7062173
Train,209920,20,0.00390625,0.3436153,0.100262366,2.7086122,0.001039732,2.7075725
Train,215040,20,0.00390625,0.27517253,0.04070936,2.707651,0.000999723,2.7066514
Train,220160,30,0.005859375,0.46721458,0.15706834,2.7072227,0.000977149,2.7062457
Train,225280,0,0,0.001452023,-0.07395419,2.7058876,0.000978386,2.704909
Train,230400,20,0.00390625,0.38848454,0.10791843,2.7073867,0.00098117,2.7064054
Train,235520,10,0.001953125,0.19320719,0.04875343,2.7073298,0.00103009,2.7062998
Train,240640,20,0.00390625,0.21541643,-0.017728645,2.7071526,0.001033775,2.7061188
Train,245760,10,0.001953125,0.1941664,0.010884166,2.7064302,0.001046391,2.7053838
Train,250880,0,0,0.001338929,-0.06169564,2.706785,0.000949344,2.7058358
Train,256000,20,0.00390625,0.37211224,0.093985856,2.705526,0.000929152,2.7045968
Train,261120,20,0.00390625,0.21343556,0.022894323,2.7062957,0.000902798,2.705393
Train,266240,20,0.00390625,0.38762861,0.10341733,2.7059143,0.000869505,2.705045
Train,271360,20,0.00390625,0.1990422,0.002244888,2.707288,0.000908594,2.7063794
Train,276480,10,0.001953125,0.19416057,0.030892909,2.7068207,0.000922977,2.705898
Train,281600,10,0.001953125,0.020929275,-0.0693184,2.706215,0.000887151,2.7053277
Train,286720,40,0.0078125,0.60288477,0.19124657,2.7063644,0.000827384,2.7055366
Train,291840,0,0,0.000928888,-0.053929094,2.7053387,0.000742261,2.7045963
Train,296960,10,0.001953125,0.19287324,0.020708188,2.7055542,0.000709993,2.7048442
Train,302080,10,0.001953125,0.16958989,-0.032221474,2.7048652,0.000755673,2.7041097
Train,307200,10,0.001953125,0.19611275,0.002282936,2.7050176,0.000852978,2.7041645
Train,312320,30,0.005859375,0.5773873,0.21275249,2.7061694,0.000917531,2.705252
Train,317440,10,0.001953125,0.19469336,-0.007785419,2.707333,0.000849783,2.7064834
Train,322560,20,0.00390625,0.38711235,0.15245621,2.7074428,0.000699384,2.7067437
Train,327680,40,0.0078125,0.41225263,0.124510325,2.706162,0.000559895,2.705602
Train,332800,10,0.001953125,0.19269714,0.012107752,2.705583,0.000521207,2.7050617
Train,337920,0,0,0.002959067,-0.09509817,2.706,0.000490887,2.7055092
Train,343040,0,0,0.003902678,-0.11379809,2.7070293,0.000468217,2.706561
Train,348160,10,0.001953125,0.19605361,-0.003486589,2.7057467,0.000448846,2.705298
Train,353280,30,0.005859375,0.578983,0.21547031,2.7046134,0.000432505,2.704181
Train,358400,20,0.00390625,0.380617,0.07038248,2.7051501,0.000420752,2.7047293
Train,363520,20,0.00390625,0.24528372,0.04017909,2.7055635,0.000424613,2.705139
Train,368640,50,0.009765625,0.9512087,0.34054434,2.7064095,0.00042593,2.7059834
Train,373760,40,0.0078125,0.7686805,0.2730212,2.7050972,0.00045338,2.704644
Train,378880,30,0.005859375,0.55585307,0.14588413,2.704453,0.00047705,2.7039757
Train,384000,30,0.005859375,0.57922536,0.1809635,2.7051132,0.000478062,2.7046354
Train,389120,10,0.001953125,0.11075194,-0.06223778,2.702626,0.000478907,2.702147
Train,394240,30,0.005859375,0.51719564,0.13759835,2.7058315,0.000463041,2.7053685
Train,399360,0,0,0.004312433,-0.11603162,2.7038846,0.00038464,2.7035
Train,404480,10,0.001953125,0.19330144,-0.01156298,2.7056153,0.000350275,2.7052648
Train,409600,20,0.00390625,0.38388386,0.0847068,2.7044938,0.000309552,2.7041843
Train,414720,40,0.0078125,0.6959511,0.19436769,2.704661,0.000284856,2.704376
Train,419840,10,0.001953125,0.19438967,-0.053061042,2.7035508,0.000273148,2.7032776
Train,424960,20,0.00390625,0.3890589,0.09333637,2.706379,0.000268392,2.7061107
Train,430080,10,0.001953125,0.19712478,-0.00084693,2.7054708,0.00025374,2.7052171
Train,435200,10,0.001953125,0.19275945,0.012091706,2.7031958,0.000237527,2.7029583
Train,440320,10,0.001953125,0.19683824,-0.04865229,2.704315,0.000229804,2.704085
Train,445440,40,0.0078125,0.59447426,0.19654407,2.704818,0.000234962,2.704583
Train,450560,10,0.001953125,0.19574587,-0.011579966,2.7045095,0.000236543,2.7042727
Train,455680,10,0.001953125,0.1924937,0.041009743,2.7036264,0.000232164,2.7033944
Train,460800,10,0.001953125,0.18781163,-0.00748797,2.7048042,0.000243202,2.704561
Train,465920,0,0,0.002330232,-0.08078596,2.7035928,0.000242548,2.7033505
Train,471040,20,0.00390625,0.38995716,0.033964366,2.7034378,0.000225859,2.7032115
Train,476160,20,0.00390625,0.3865838,0.10275812,2.7052152,0.000222918,2.704992
Train,481280,0,0,0.002697589,-0.08348392,2.7023618,0.000201482,2.7021604
Train,486400,20,0.00390625,0.19533993,-0.0496827,2.703834,0.000203883,2.7036302
Train,491520,40,0.0078125,0.72037345,0.2052366,2.7038772,0.000206622,2.7036705
Train,496640,50,0.009765625,0.6093721,0.20908901,2.7038682,0.000193349,2.7036748
Train,501760,10,0.001953125,0.19342282,0.010933453,2.7029817,0.000171321,2.7028103
Train,506880,10,0.001953125,0.19648568,-0.025099192,2.7057946,0.000161688,2.7056332
Train,512000,20,0.00390625,0.38275862,0.08555546,2.7053394,0.000156829,2.7051828
Train,517120,0,0,0.001705854,-0.06425591,2.7043397,0.000183529,2.7041562
Train,522240,40,0.0078125,0.7325024,0.2441214,2.7059453,0.000204827,2.7057405
Train,527360,0,0,0.003244191,-0.09924579,2.7034307,0.000229425,2.7032013
Train,532480,0,0,0.002522485,-0.08659634,2.7069845,0.000222892,2.7067618
Train,537600,10,0.001953125,0.19470651,0.027086396,2.703126,0.000220529,2.7029054
Train,542720,20,0.00390625,0.38063678,0.06448424,2.7042494,0.000187079,2.7040622
Train,547840,20,0.00390625,0.3863914,0.05021833,2.703746,0.000182971,2.703563
Train,552960,30,0.005859375,0.46337223,0.16875985,2.7050405,0.00017106,2.7048695
Train,558080,10,0.001953125,0.19145422,0.047078833,2.7046235,0.000177371,2.704446
Train,563200,0,0,0.002163461,-0.079285964,2.7031147,0.000168998,2.7029457
Train,568320,10,0.001953125,0.023330903,-0.11700227,2.7043915,0.000132526,2.7042587
Train,573440,20,0.00390625,0.38558337,0.11615175,2.7059498,0.000139445,2.7058103
Train,578560,40,0.0078125,0.7695622,0.28403768,2.7035413,0.000157873,2.7033832
Train,583680,40,0.0078125,0.39199734,0.06662108,2.7048433,0.000155411,2.7046876
Train,588800,10,0.001953125,0.19250278,0.033177715,2.7032144,0.00016154,2.703053
Train,593920,50,0.009765625,0.76013637,0.30063397,2.7026505,0.000152509,2.7024982
Train,599040,0,0,0.003350373,-0.10562169,2.7031236,0.000182351,2.7029412
Train,604160,0,0,0.003221736,-0.100533046,2.7055817,0.00023504,2.7053468
Train,609280,20,0.00390625,0.36806676,0.101803705,2.7029712,0.000155076,2.7028165
Train,614400,20,0.00390625,0.38541946,0.07950341,2.7042935,0.000164093,2.7041295
Train,619520,20,0.00390625,0.19178608,0.04938636,2.7034206,0.000189668,2.7032309
Train,624640,10,0.001953125,0.18748061,-0.02569692,2.7039607,0.000182789,2.7037778
Train,629760,30,0.005859375,0.5733017,0.2001405,2.702938,0.000170209,2.702768
Train,634880,20,0.00390625,0.38296884,0.10951276,2.7022805,0.00016894,2.7021117
Train,640000,10,0.001953125,0.023014806,-0.0899782,2.7050972,0.0001954,2.7049017
Train,645120,20,0.00390625,0.21003084,0.011226494,2.7013395,0.00023607,2.7011032
Train,650240,40,0.0078125,0.7704571,0.19734132,2.701842,0.000233865,2.7016084
Train,655360,10,0.001953125,0.19347553,-0.002777696,2.7035222,0.000247819,2.7032745
Train,660480,10,0.001953125,0.19015522,0.04241658,2.70173,0.000311327,2.7014186
Train,665600,10,0.001953125,0.13914494,-0.022430398,2.7022972,0.000311503,2.7019856
Train,670720,0,0,0.009023964,-0.17110401,2.7036266,0.000304521,2.7033222
Train,675840,20,0.00390625,0.3833482,0.11392569,2.7028751,0.000288471,2.7025867
Train,680960,0,0,0.003950951,-0.08633293,2.7031813,0.000327085,2.7028542
Train,686080,20,0.00390625,0.38051787,0.12913048,2.7029667,0.000395087,2.7025716
Train,691200,20,0.00390625,0.3843246,0.0858229,2.7029436,0.00044082,2.702503
Train,696320,10,0.001953125,0.19225447,0.007440917,2.6988995,0.000498364,2.6984012
Train,701440,40,0.0078125,0.7639417,0.29660213,2.7020779,0.000588725,2.7014892
Train,706560,10,0.001953125,0.13157968,-0.11779843,2.6997569,0.00054978,2.699207
Train,711680,10,0.001953125,0.18706223,-0.013053895,2.7006044,0.000541789,2.7000625
Train,716800,20,0.00390625,0.38116285,0.11477756,2.6990333,0.000621464,2.6984117
Train,721920,10,0.001953125,0.19514215,-0.008772932,2.700665,0.00071544,2.6999497
Train,727040,10,0.001953125,0.021550221,-0.09089833,2.69822,0.000921928,2.697298
Train,732160,10,0.001953125,0.19096164,0.013876846,2.6986587,0.000916752,2.697742
Train,737280,10,0.001953125,0.021919677,-0.08730073,2.6994388,0.001033598,2.698405
Train,742400,20,0.00390625,0.386346,0.0694522,2.69841,0.00092169,2.6974883
Train,747520,0,0,0.004271478,-0.10718167,2.6988063,0.000918196,2.697888
Train,752640,40,0.0078125,0.72983545,0.2577007,2.699665,0.00103803,2.6986272
Train,757760,20,0.00390625,0.38189274,0.08599226,2.701077,0.001198728,2.6998785
Train,762880,20,0.00390625,0.3848173,0.108140506,2.6989763,0.001098952,2.6978772
Train,768000,10,0.001953125,0.14975086,-0.047832757,2.6983573,0.001169941,2.6971872
Train,773120,0,0,0.001790994,-0.067266256,2.6979067,0.001145949,2.6967607
Train,778240,60,0.01171875,0.96613425,0.36403614,2.6945655,0.001425747,2.6931398
Train,783360,10,0.001953125,0.022459159,-0.09029792,2.6939025,0.001896348,2.6920059
Train,788480,10,0.001953125,0.19192278,0.0177807,2.6939952,0.002379626,2.6916158
Train,793600,10,0.001953125,0.19314912,0.011757016,2.6944492,0.001565963,2.6928833
Train,798720,10,0.001953125,0.19354229,-0.008442508,2.693894,0.00140414,2.6924899
Train,803840,20,0.00390625,0.38122183,0.10785981,2.6925142,0.001567765,2.6909463
Train,808960,20,0.00390625,0.38346842,0.11399619,2.6951456,0.001745745,2.6934
Train,814080,0,0,0.003120444,-0.10209664,2.6930304,0.002581782,2.6904485
Train,819200,30,0.005859375,0.55853206,0.18428385,2.693819,0.002186511,2.6916325
Train,824320,20,0.00390625,0.21384358,-0.012228957,2.6915932,0.001898305,2.689695
Train,829440,20,0.00390625,0.38358942,0.10158017,2.6913707,0.001804409,2.6895661
Train,834560,20,0.00390625,0.35755283,0.053588085,2.6889856,0.002582517,2.686403
Train,839680,30,0.005859375,0.57192206,0.20596696,2.6839159,0.00325264,2.6806633
Train,844800,40,0.0078125,0.5896702,0.20543614,2.6791186,0.004030399,2.6750882
Train,849920,30,0.005859375,0.39869413,0.08773345,2.678639,0.004925135,2.6737134
Train,855040,20,0.00390625,0.38162294,0.05834259,2.6853197,0.004256412,2.6810632
Train,860160,0,0,0.005527952,-0.114152186,2.6854522,0.004021353,2.6814308
Train,865280,60,0.01171875,1.1388476,0.46544346,2.6808312,0.004542452,2.6762886
Train,870400,0,0,0.010812293,-0.17685026,2.6897142,0.002997123,2.6867168
Train,875520,10,0.001953125,0.19170526,0.03009434,2.6814573,0.003898084,2.677559
Train,880640,10,0.001953125,0.1936888,-0.006650712,2.6857984,0.004826414,2.6809719
Train,885760,60,0.01171875,0.88600963,0.28357345,2.676409,0.004500111,2.6719089
Train,890880,20,0.00390625,0.21452652,-0.02211777,2.676707,0.004506268,2.6722007
Train,896000,50,0.009765625,0.6751655,0.10806892,2.679329,0.00448627,2.6748426
Train,901120,20,0.00390625,0.22132936,-0.11607202,2.6792836,0.004430443,2.674853
Train,906240,10,0.001953125,0.13702676,-0.12386505,2.6850007,0.003867139,2.6811335
Train,911360,10,0.001953125,0.19428903,-0.007679787,2.6828725,0.004546361,2.6783261
Train,916480,20,0.00390625,0.3840178,0.06374923,2.674146,0.005233069,2.6689126
Train,921600,30,0.005859375,0.4003451,0.08599142,2.675366,0.0038792,2.6714866
Train,926720,20,0.00390625,0.21048288,-0.07161324,2.6701193,0.005590452,2.6645286
Train,931840,30,0.005859375,0.54786587,0.17148967,2.6681485,0.006991419,2.661157
Train,936960,20,0.00390625,0.36750033,0.10959227,2.6667192,0.008103967,2.658615
Train,942080,10,0.001953125,0.19269837,0.018760422,2.6709244,0.005995384,2.6649292
Train,947200,20,0.00390625,0.35771665,0.047330312,2.6757467,0.005261318,2.6704853
Train,952320,20,0.00390625,0.38496172,0.07330714,2.67133,0.004533883,2.6667962
Train,957440,0,0,0.002184846,-0.073160015,2.6625278,0.004709661,2.6578183
Train,962560,20,0.00390625,0.38265595,0.10036184,2.665788,0.004827544,2.6609604
Train,967680,30,0.005859375,0.5707622,0.21619575,2.667592,0.006574644,2.6610172
Train,972800,20,0.00390625,0.37978756,0.1228796,2.6647606,0.006193066,2.6585674
Train,977920,40,0.0078125,0.7617776,0.289651,2.6645753,0.006111418,2.6584642
Train,983040,20,0.00390625,0.364068,0.06871278,2.6666913,0.005829772,2.6608613
Train,988160,20,0.00390625,0.37347007,0.07764412,2.666186,0.005597353,2.6605885
Train,993280,20,0.00390625,0.37907,0.08697918,2.670721,0.004236269,2.6664846
Train,998400,10,0.001953125,0.19586943,-0.028865805,2.6661649,0.004818355,2.6613462
Train,1003520,20,0.00390625,0.38064232,0.11578629,2.6684372,0.006302926,2.6621342
Train,1008640,50,0.009765625,0.94884455,0.34423766,2.6627533,0.005640897,2.6571126
Train,1013760,20,0.00390625,0.21623616,-0.047738805,2.6630716,0.005609022,2.6574626
Train,1018880,10,0.001953125,0.19191678,-0.002722621,2.6714492,0.003977479,2.6674716
Train,1024000,20,0.00390625,0.37742043,0.10658926,2.6778026,0.0030814,2.674721
Train,1029120,10,0.001953125,0.19372797,-0.031584535,2.677523,0.002596703,2.6749263
Train,1034240,50,0.009765625,0.43771848,0.06342526,2.663189,0.003901334,2.6592875
Train,1039360,0,0,0.00464865,-0.08759419,2.658199,0.006860951,2.6513383
Train,1044480,0,0,0.007927923,-0.12588863,2.6636174,0.006262633,2.6573548
Train,1049600,10,0.001953125,0.15902959,-0.044753823,2.6575234,0.00569788,2.6518254
Train,1054720,50,0.009765625,0.91799164,0.22832845,2.6657906,0.003494661,2.662296
Train,1059840,20,0.00390625,0.37363964,-0.035460413,2.676566,0.002584996,2.6739812
Train,1064960,50,0.009765625,0.94039696,0.33344284,2.6760993,0.002091945,2.6740072
Train,1070080,30,0.005859375,0.3926725,0.09953449,2.6724288,0.00182818,2.6706007
Train,1075200,10,0.001953125,0.18235524,-0.017065242,2.666525,0.002793352,2.6637316
Train,1080320,10,0.001953125,0.1935678,-0.018829986,2.65495,0.004584448,2.6503658
Train,1085440,10,0.001953125,0.19472273,-0.04304598,2.658611,0.005323259,2.653288
Train,1090560,40,0.0078125,0.75129956,0.29155406,2.6661313,0.004165071,2.661966
Train,1095680,30,0.005859375,0.56726027,0.1910771,2.665467,0.00381743,2.6616497
Train,1100800,10,0.001953125,0.19549474,0.006916042,2.6732585,0.003542576,2.669716
Train,1105920,20,0.00390625,0.3793071,0.04054739,2.6645763,0.003876104,2.6607003
Train,1111040,0,0,0.003495797,-0.08281267,2.6681364,0.003522921,2.6646135
Train,1116160,40,0.0078125,0.7499203,0.30051568,2.6692982,0.003414586,2.6658838
Train,1121280,20,0.00390625,0.33429313,0.068064734,2.6705172,0.002800119,2.667717
Train,1126400,20,0.00390625,0.3236262,0.004206399,2.6675718,0.003341581,2.66423
Train,1131520,0,0,0.002401481,-0.05191356,2.659453,0.004711432,2.6547413
Train,1136640,20,0.00390625,0.37409377,0.091877975,2.6622229,0.004761662,2.6574612
Train,1141760,10,0.001953125,0.080812015,-0.06673539,2.6487272,0.005517505,2.6432095
Train,1146880,0,0,0.006668587,-0.14436638,2.6566086,0.004985598,2.651623
Train,1152000,20,0.00390625,0.33728027,0.07483426,2.6556942,0.004300383,2.6513937
Train,1157120,10,0.001953125,0.19217935,0.026017213,2.6534796,0.003944235,2.6495354
Train,1162240,20,0.00390625,0.379995,0.10537715,2.6545126,0.003376537,2.6511362
Train,1167360,10,0.001953125,0.0670506,-0.13661052,2.6569252,0.003674716,2.6532505
Train,1172480,30,0.005859375,0.4029847,0.09394749,2.670758,0.002861266,2.6678967
Train,1177600,30,0.005859375,0.5746751,0.23877822,2.6636071,0.003652374,2.6599548
Train,1182720,20,0.00390625,0.38288477,0.10988316,2.6516893,0.00389541,2.647794
Train,1187840,20,0.00390625,0.37854075,0.10144257,2.6406052,0.004622635,2.6359825
Train,1192960,20,0.00390625,0.37921295,0.11132103,2.6539788,0.004320131,2.6496587
Train,1198080,20,0.00390625,0.3735308,0.096636176,2.6485124,0.003618988,2.6448934
Train,1203200,20,0.00390625,0.21088664,0.01670507,2.6492538,0.003562467,2.6456916
Train,1208320,30,0.005859375,0.53709847,0.15808587,2.6506727,0.003272269,2.6474001
Train,1213440,10,0.001953125,0.19875763,-0.086012,2.661599,0.003084852,2.6585138
Train,1218560,0,0,0.00761115,-0.12670398,2.6535578,0.003287678,2.6502702
Train,1223680,20,0.00390625,0.3836815,0.073696785,2.6570745,0.003053695,2.6540208
Train,1228800,10,0.001953125,0.19025941,0.011034003,2.6521363,0.003329888,2.6488063
Train,1233920,20,0.00390625,0.30487853,0.054456696,2.6463718,0.003799421,2.6425724
Train,1239040,30,0.005859375,0.5633217,0.23511267,2.6599433,0.004208507,2.6557348
Train,1244160,20,0.00390625,0.35625127,0.015675932,2.656277,0.003741673,2.6525352
Train,1249280,30,0.005859375,0.39260346,0.055501506,2.6622312,0.002626544,2.6596048
Train,1254400,20,0.00390625,0.3797967,0.07734092,2.6592205,0.00236475,2.6568558
Train,1259520,40,0.0078125,0.73556215,0.2824498,2.6555007,0.002937262,2.6525633
Train,1264640,30,0.005859375,0.42837453,0.000434034,2.654412,0.002847861,2.6515641
Train,1269760,10,0.001953125,0.1825668,0.01634931,2.6500497,0.003881962,2.6461678
Train,1274880,20,0.00390625,0.36098704,0.13136786,2.6461952,0.004242373,2.6419532
Train,1280000,0,0,0.004927126,-0.079704225,2.6447182,0.003934635,2.6407835
Train,1285120,30,0.005859375,0.38086244,0.083738856,2.647489,0.002760314,2.6447287
Train,1290240,20,0.00390625,0.20979801,0.020915648,2.6444328,0.002737483,2.6416955
Train,1295360,20,0.00390625,0.37585264,0.08187698,2.648387,0.002698817,2.6456883
Train,1300480,40,0.0078125,0.7314329,0.21159461,2.6531417,0.003361643,2.64978
Train,1305600,40,0.0078125,0.57444346,0.14818431,2.6434562,0.003961796,2.6394944
Train,1310720,10,0.001953125,0.17738368,0.02670186,2.6525967,0.004210927,2.648386
Train,1315840,20,0.00390625,0.2109314,-0.033165015,2.6532457,0.004578229,2.6486673
Train,1320960,10,0.001953125,0.1961673,-0.03298402,2.6572232,0.00407577,2.6531475
Train,1326080,10,0.001953125,0.18651538,-0.046046674,2.6487892,0.003123329,2.645666
Train,1331200,50,0.009765625,0.87550586,0.34128577,2.6526563,0.002935909,2.6497202
Train,1336320,20,0.00390625,0.3680241,0.08841654,2.6618347,0.002892955,2.6589417
Train,1341440,50,0.009765625,0.9352606,0.38349184,2.6731098,0.002095821,2.671014
Train,1346560,20,0.00390625,0.38284525,0.07828577,2.6730852,0.002167617,2.6709175
Train,1351680,20,0.00390625,0.3753831,0.11958207,2.661087,0.002355192,2.6587317
Train,1356800,20,0.00390625,0.22080736,-0.03626506,2.6477726,0.002468607,2.6453042
Train,1361920,30,0.005859375,0.35589707,-0.03041125,2.6507676,0.002586799,2.6481807
Train,1367040,0,0,0.01173461,-0.13079156,2.6415887,0.003053186,2.6385353
Train,1372160,20,0.00390625,0.23315163,-0.060345177,2.655194,0.002545645,2.6526484
Train,1377280,20,0.00390625,0.21019869,-0.012981866,2.6596878,0.00220354,2.6574845
Train,1382400,30,0.005859375,0.40411624,0.022594748,2.6473012,0.003017071,2.644284
Train,1387520,0,0,0.007078106,-0.10688006,2.6461496,0.002627449,2.6435223
Train,1392640,10,0.001953125,0.20137243,-0.06587757,2.6531122,0.00264017,2.650472
Train,1397760,10,0.001953125,0.19394991,0.009301817,2.6414273,0.002800901,2.638626
Train,1402880,10,0.001953125,0.18127201,0.012417354,2.6368446,0.002986566,2.6338582
Train,1408000,0,0,0.002236588,-0.0707051,2.6358411,0.003775352,2.6320655
Train,1413120,20,0.00390625,0.35937175,0.100178935,2.6358202,0.00379757,2.6320226
Train,1418240,10,0.001953125,0.19501601,-0.007413734,2.6531987,0.002893528,2.6503053
Train,1423360,20,0.00390625,0.38582554,0.1141124,2.645212,0.003640613,2.6415715
Train,1428480,20,0.00390625,0.35374245,0.13582265,2.6461892,0.003318196,2.6428707
Train,1433600,20,0.00390625,0.20172587,0.032445915,2.6478584,0.002705873,2.6451523
Train,1438720,0,0,0.002204388,-0.08952096,2.6499794,0.002464089,2.6475155
Train,1443840,20,0.00390625,0.3871388,0.13067034,2.6545467,0.002319097,2.6522279
Train,1448960,10,0.001953125,0.19482327,0.017499989,2.6491325,0.003252065,2.6458805
Train,1454080,20,0.00390625,0.3572234,0.14759372,2.6364434,0.00393075,2.6325128
Train,1459200,10,0.001953125,0.18313472,0.035938025,2.6373465,0.003966925,2.6333797
Train,1464320,0,0,0.001503632,-0.07319694,2.6308331,0.003635823,2.627197
Train,1469440,10,0.001953125,0.19232212,0.03330464,2.6227047,0.00294929,2.6197555
Train,1474560,30,0.005859375,0.55820197,0.23696502,2.6312516,0.002779576,2.628472
Train,1479680,30,0.005859375,0.4003729,0.14954501,2.6338687,0.002987528,2.630881
Train,1484800,40,0.0078125,0.753036,0.28100294,2.610045,0.004776141,2.6052687
Train,1489920,50,0.009765625,0.90997046,0.41657606,2.6111858,0.00390795,2.607278
Train,1495040,20,0.00390625,0.38768584,0.10207164,2.6232738,0.003283062,2.6199906
Train,1500160,50,0.009765625,0.9579844,0.36488733,2.6333768,0.00332817,2.6300485
Train,1505280,10,0.001953125,0.19435024,0.009999011,2.6324356,0.002913644,2.629522
Train,1510400,30,0.005859375,0.39011508,0.08072183,2.626538,0.002954583,2.6235833
Train,1515520,40,0.0078125,0.57672185,0.18020083,2.6296887,0.002873912,2.6268148
Train,1520640,10,0.001953125,0.2036242,-0.09505424,2.6300297,0.002981895,2.627048
Train,1525760,10,0.001953125,0.20036404,-0.010871576,2.6280882,0.003654723,2.6244335
Train,1530880,20,0.00390625,0.36977565,0.0494227,2.6273859,0.003415357,2.6239705
Train,1536000,20,0.00390625,0.37706038,0.056212507,2.6199968,0.003199302,2.6167972
Train,1541120,20,0.00390625,0.37067586,0.026326586,2.6176622,0.003711791,2.6139505
Train,1546240,20,0.00390625,0.36076555,0.021602768,2.607136,0.003994841,2.6031413
Train,1551360,20,0.00390625,0.36029884,0.10503907,2.597756,0.004135396,2.5936203
Train,1556480,10,0.001953125,0.08920609,-0.05965475,2.595398,0.003882735,2.5915153
Train,1561600,10,0.001953125,0.060243186,-0.18368442,2.5936933,0.003913785,2.5897796
Train,1566720,10,0.001953125,0.18929659,0.020658536,2.5963078,0.004073467,2.5922344
Train,1571840,20,0.00390625,0.35408375,0.055174917,2.5849843,0.00464543,2.5803387
Train,1576960,40,0.0078125,0.7118387,0.29189977,2.5803394,0.004192001,2.5761473
Train,1582080,20,0.00390625,0.19761086,-0.011614743,2.5744457,0.003927572,2.5705183
Train,1587200,0,0,0.005666605,-0.10709828,2.5929298,0.003877584,2.5890522
Train,1592320,20,0.00390625,0.37910283,0.0737468,2.5779917,0.003878675,2.5741131
Train,1597440,10,0.001953125,0.18042754,0.02619979,2.5595539,0.004883363,2.5546708
Train,1602560,30,0.005859375,0.23230171,-0.106176764,2.5707936,0.00533005,2.5654635
Train,1607680,20,0.00390625,0.33734688,0.03328163,2.5660038,0.0059737,2.56003
Train,1612800,30,0.005859375,0.39740452,0.04689025,2.554427,0.006579483,2.5478475
Train,1617920,30,0.005859375,0.5183432,0.2089886,2.5497944,0.005540401,2.544254
Train,1623040,40,0.0078125,0.72204936,0.22247422,2.5335548,0.005759629,2.5277953
Train,1628160,30,0.005859375,0.5533995,0.12996417,2.566003,0.004764512,2.5612383
Train,1633280,50,0.009765625,0.7498222,0.26595846,2.5703316,0.004868502,2.5654633
Train,1638400,20,0.00390625,0.37807631,-0.00043614,2.604163,0.003827428,2.6003358
Train,1643520,30,0.005859375,0.5497753,0.17917024,2.6178532,0.002886214,2.614967
Train,1648640,20,0.00390625,0.33868346,0.03448255,2.611353,0.003107956,2.6082451
Train,1653760,10,0.001953125,0.17694199,0.062274486,2.5893562,0.003899536,2.5854566
Train,1658880,30,0.005859375,0.5251947,0.03243936,2.5746188,0.004947179,2.5696716
Train,1664000,60,0.01171875,1.0155486,0.20482719,2.573895,0.004956347,2.5689385
Train,1669120,30,0.005859375,0.3598319,0.06253934,2.5913627,0.003766144,2.5875967
Train,1674240,10,0.001953125,0.18406479,0.028574413,2.586376,0.003825456,2.5825505
Train,1679360,0,0,0.014974922,-0.107351944,2.5916371,0.004178853,2.5874581
Train,1684480,20,0.00390625,0.22434123,-0.12436448,2.555821,0.004697325,2.5511234
Train,1689600,20,0.00390625,0.35029337,0.031951778,2.5298574,0.00564076,2.5242167
Train,1694720,20,0.00390625,0.3696146,0.06792497,2.534785,0.005736715,2.5290484
Train,1699840,10,0.001953125,0.19137579,-0.003582191,2.5328927,0.005961285,2.5269313
Train,1704960,30,0.005859375,0.2411078,-0.07233176,2.561566,0.006068181,2.5554981
Train,1710080,30,0.005859375,0.5750303,0.1824943,2.5977514,0.003960873,2.5937905
Train,1715200,10,0.001953125,0.19747655,-0.012209711,2.5730824,0.004780732,2.5683014
Train,1720320,20,0.00390625,0.36268485,0.068839625,2.5589876,0.004552325,2.5544355
Train,1725440,20,0.00390625,0.36690673,-0.008368554,2.5621474,0.00465741,2.5574899
Train,1730560,30,0.005859375,0.52649724,0.18162228,2.5452027,0.005324688,2.5398777
Train,1735680,40,0.0078125,0.74707824,0.31859344,2.570719,0.004402153,2.566317
Train,1740800,0,0,0.006416101,-0.10277031,2.5829468,0.004251648,2.578695
Train,1745920,50,0.009765625,0.7553834,0.29626265,2.5652177,0.005590436,2.5596275
Train,1751040,30,0.005859375,0.36653647,0.08987135,2.5096748,0.008308682,2.5013661
Train,1756160,20,0.00390625,0.28922987,0.048899077,2.520624,0.00682004,2.5138037
Train,1761280,20,0.00390625,0.23994718,-0.02959282,2.5372396,0.005594933,2.5316446
Train,1766400,30,0.005859375,0.5522895,0.13231197,2.5611258,0.0063741,2.5547516
Train,1771520,30,0.005859375,0.53429025,0.12515105,2.566311,0.005485341,2.5608258
Train,1776640,40,0.0078125,0.7356535,0.265104,2.5571039,0.005091551,2.5520122
Train,1781760,40,0.0078125,0.7324689,0.32359233,2.5192077,0.006234409,2.5129735
Train,1786880,20,0.00390625,0.36059982,0.12761563,2.515719,0.006701477,2.5090177
Train,1792000,20,0.00390625,0.35383126,0.03706362,2.521802,0.006631851,2.5151699
Train,1797120,20,0.00390625,0.37575978,0.040596157,2.5079987,0.007611039,2.5003877
Train,1802240,20,0.00390625,0.3752644,0.09365244,2.4818456,0.007672609,2.474173
Train,1807360,50,0.009765625,0.918497,0.22268291,2.505879,0.005953159,2.4999256
Train,1812480,10,0.001953125,0.16599773,-0.0646721,2.5081086,0.005989533,2.502119
Train,1817600,30,0.005859375,0.55110997,0.08001243,2.5279076,0.005304447,2.5226028
Train,1822720,20,0.00390625,0.37499106,-0.013960091,2.5071623,0.006080955,2.5010812
Train,1827840,20,0.00390625,0.38503155,-0.06656355,2.5436156,0.005419218,2.5381963
Train,1832960,10,0.001953125,0.21820866,-0.12275985,2.5230064,0.006213386,2.516793
Train,1838080,30,0.005859375,0.38790044,-0.008147659,2.5151289,0.006499081,2.5086296
Train,1843200,10,0.001953125,0.20262371,-0.1327859,2.562321,0.005683028,2.556638
Train,1848320,20,0.00390625,0.2151897,-0.033307992,2.5222077,0.006811987,2.5153956
Train,1853440,20,0.00390625,0.35609594,0.10897568,2.5137365,0.007290919,2.5064454
Train,1858560,40,0.0078125,0.6013114,0.11569076,2.4870625,0.008046878,2.4790154
Train,1863680,50,0.009765625,0.836331,0.3395528,2.5093198,0.006144137,2.5031755
Train,1868800,30,0.005859375,0.5255623,0.23593067,2.489744,0.007675183,2.4820688
Train,1873920,60,0.01171875,0.81495017,0.32705647,2.5226395,0.007432858,2.515207
Train,1879040,20,0.00390625,0.36708647,0.117434934,2.5186965,0.007261677,2.511435
Train,1884160,10,0.001953125,0.19740637,-0.014799946,2.5298488,0.007074374,2.5227745
Train,1889280,20,0.00390625,0.35730788,0.06766542,2.53014,0.007236042,2.522904
Train,1894400,30,0.005859375,0.38759437,0.05660583,2.5319374,0.006467042,2.5254705
Train,1899520,30,0.005859375,0.3943871,0.09732962,2.5324538,0.006432839,2.5260208
Train,1904640,30,0.005859375,0.5633106,0.123080164,2.5035775,0.008682258,2.4948952
Train,1909760,20,0.00390625,0.045807064,-0.11664773,2.4800649,0.009130727,2.470934
Train,1914880,30,0.005859375,0.5722555,0.121282645,2.5092561,0.008629764,2.5006263
Train,1920000,20,0.00390625,0.3261012,0.026937068,2.48788,0.008921497,2.4789584
Train,1925120,10,0.001953125,0.20506775,-0.12667875,2.517622,0.007413513,2.5102086
Train,1930240,10,0.001953125,0.17524636,0.028569255,2.4871418,0.007728952,2.4794128
Train,1935360,50,0.009765625,0.7200647,0.24753755,2.4706616,0.010602777,2.4600587
Train,1940480,20,0.00390625,0.3583804,0.14752197,2.4496863,0.011214461,2.4384718
Train,1945600,70,0.013671875,1.0917075,0.40443894,2.4462316,0.010589528,2.435642
Train,1950720,30,0.005859375,0.53448486,0.19274025,2.4443586,0.010289813,2.4340687
Train,1955840,40,0.0078125,0.5884843,0.17366308,2.4576192,0.009234016,2.4483852
Train,1960960,20,0.00390625,0.33429432,0.058475323,2.458294,0.008542423,2.4497514
Train,1966080,60,0.01171875,0.931518,0.2822477,2.4620075,0.007650791,2.454357
Train,1971200,10,0.001953125,0.18743321,-0.028566744,2.4951901,0.007340738,2.4878495
Train,1976320,40,0.0078125,0.7239447,0.23748834,2.4811556,0.008417248,2.4727383
Train,1981440,20,0.00390625,0.38021818,0.05852876,2.496909,0.00856148,2.4883478
Train,1986560,40,0.0078125,0.20530327,-0.159661,2.526815,0.007896222,2.5189185
Train,1991680,30,0.005859375,0.43269187,0.09830526,2.5049114,0.007030108,2.4978814
Train,1996800,40,0.0078125,0.63698715,0.16014905,2.4819515,0.00765552,2.4742959
Train,2001920,30,0.005859375,0.36922148,0.03809716,2.4770997,0.007655196,2.4694445
Train,2007040,40,0.0078125,0.69600433,0.2138904,2.4522243,0.007509522,2.4447148
Train,2012160,0,0,0.01322974,-0.10723173,2.4870815,0.006486321,2.480595
Train,2017280,40,0.0078125,0.7184071,0.2982067,2.460268,0.007971984,2.452296
Train,2022400,20,0.00390625,0.31607163,0.076757304,2.4827688,0.006899882,2.475869
Train,2027520,20,0.00390625,0.20008259,-0.11455162,2.4693992,0.007782003,2.4616175
Train,2032640,20,0.00390625,0.19144581,-0.071634434,2.4208934,0.008994228,2.4118993
Train,2037760,20,0.00390625,0.24431388,-0.03573583,2.45856,0.007773736,2.4507864
Train,2042880,40,0.0078125,0.5667434,0.15091744,2.4773495,0.006968133,2.4703813
Train,2048000,30,0.005859375,0.39344996,-0.093063466,2.4777405,0.007061946,2.4706786
Train,2053120,40,0.0078125,0.71479714,0.21872438,2.509929,0.005876818,2.5040522
Train,2058240,70,0.013671875,1.1621529,0.5269051,2.5110447,0.004833295,2.5062115
Train,2063360,10,0.001953125,0.19487679,-0.011577225,2.4571388,0.007157415,2.4499815
Train,2068480,20,0.00390625,0.33502397,0.066138946,2.4413574,0.00909635,2.4322612
Train,2073600,10,0.001953125,0.17557621,-0.02994762,2.4373825,0.010593057,2.4267893
Train,2078720,20,0.00390625,0.23508823,-0.058904205,2.445236,0.010364904,2.4348714
Train,2083840,20,0.00390625,0.3557613,0.04445441,2.4306495,0.010138963,2.4205108
Train,2088960,0,0,0.015456209,-0.13748088,2.4731433,0.008290775,2.4648526
Train,2094080,40,0.0078125,0.726798,0.13061652,2.4903126,0.008685599,2.4816272
Train,2099200,40,0.0078125,0.73569775,0.18516123,2.486386,0.008560503,2.4778256
Train,2104320,20,0.00390625,0.34052217,0.049320705,2.4803243,0.008926273,2.4713979
Train,2109440,20,0.00390625,0.3868973,0.050194547,2.461748,0.00815834,2.4535897
Train,2114560,70,0.013671875,1.0840266,0.34296417,2.434327,0.010132263,2.4241946
Train,2119680,20,0.00390625,0.34427884,0.08489526,2.4364357,0.009383785,2.427052
Train,2124800,20,0.00390625,0.189693,-0.04518043,2.430906,0.008545927,2.4223602
Train,2129920,10,0.001953125,0.1968718,-0.00369853,2.4306862,0.009449099,2.4212372
Train,2135040,0,0,0.009167849,-0.13345972,2.4290338,0.009889246,2.4191444
Train,2140160,30,0.005859375,0.5127596,0.14103805,2.4306936,0.011287208,2.4194064
Train,2145280,40,0.0078125,0.5821682,0.1577594,2.404765,0.01137248,2.3933926
Train,2150400,10,0.001953125,0.19814613,-0.007455293,2.3711298,0.012598055,2.3585317
Train,2155520,50,0.009765625,0.8611599,0.3246995,2.3865273,0.011245272,2.375282
Train,2160640,30,0.005859375,0.42020234,0.09700502,2.4398096,0.01022451,2.4295852
Train,2165760,60,0.01171875,0.8488312,0.25999418,2.4150386,0.00911172,2.405927
Train,2170880,50,0.009765625,0.92341375,0.32012123,2.3848133,0.011880775,2.3729324
Train,2176000,20,0.00390625,0.36745986,0.06505418,2.4296727,0.011708872,2.4179637
Train,2181120,50,0.009765625,0.81524247,0.27434045,2.423509,0.010201642,2.413307
Train,2186240,30,0.005859375,0.55303186,0.117447555,2.446413,0.00837742,2.4380357
Train,2191360,20,0.00390625,0.23010965,-0.11239198,2.4068973,0.009418569,2.3974786
Train,2196480,40,0.0078125,0.6296774,0.23354223,2.3787997,0.009924628,2.368875
Train,2201600,40,0.0078125,0.37164065,0.018871177,2.3877583,0.011038709,2.3767197
Train,2206720,10,0.001953125,0.19066958,-0.019232512,2.381006,0.012388262,2.3686178
Train,2211840,50,0.009765625,0.7542265,0.22108957,2.4387863,0.010442975,2.4283433
Train,2216960,40,0.0078125,0.50848526,0.035140913,2.413344,0.010236712,2.4031072
Train,2222080,30,0.005859375,0.37607652,-0.06439206,2.4213817,0.009411087,2.4119709
Train,2227200,60,0.01171875,0.97565573,0.37495545,2.392049,0.010547175,2.381502
Train,2232320,60,0.01171875,1.0024203,0.4567179,2.3790061,0.011006898,2.3679996
Train,2237440,30,0.005859375,0.4322504,0.017232275,2.372131,0.011907899,2.3602228
Train,2242560,10,0.001953125,0.25001565,-0.29545215,2.401317,0.010893243,2.3904238
Train,2247680,50,0.009765625,0.73949414,0.19788985,2.3759744,0.010802293,2.3651721
Train,2252800,50,0.009765625,0.85162205,0.31766135,2.360748,0.010586932,2.350161
Train,2257920,30,0.005859375,0.56825066,0.104716234,2.3815794,0.009822892,2.3717563
Train,2263040,70,0.013671875,1.1353163,0.52187556,2.4199407,0.009162903,2.4107778
Train,2268160,10,0.001953125,0.069472335,-0.18596168,2.4526496,0.008365477,2.4442842
Train,2273280,10,0.001953125,0.043968003,-0.15230116,2.4363115,0.009713247,2.4265983
Train,2278400,20,0.00390625,0.29029799,-0.049794763,2.385332,0.010143002,2.3751893
Train,2283520,30,0.005859375,0.3892035,0.015079498,2.3940332,0.008956089,2.3850772
Train,2288640,60,0.01171875,0.78657,0.18716985,2.4063525,0.009837328,2.3965154
Train,2293760,30,0.005859375,0.5728122,0.20841223,2.4244335,0.009695679,2.4147377
Train,2298880,60,0.01171875,0.65463746,0.031482667,2.4318533,0.008973258,2.4228802
Train,2304000,10,0.001953125,0.19726203,0.004113963,2.4424562,0.008864435,2.4335918
Train,2309120,10,0.001953125,0.1981969,-0.011646624,2.475008,0.007987795,2.46702
Train,2314240,60,0.01171875,0.85717696,0.24942057,2.4660153,0.007364117,2.4586513
Train,2319360,70,0.013671875,1.0105709,0.37186378,2.4523408,0.007044607,2.445296
Train,2324480,10,0.001953125,0.20042646,0.030071644,2.4221714,0.011679934,2.4104912
Train,2329600,30,0.005859375,0.5306284,0.10269106,2.3571584,0.011944938,2.3452134
Train,2334720,40,0.0078125,0.6502128,0.21254079,2.314898,0.012460327,2.3024375
Train,2339840,40,0.0078125,0.7450873,0.21094859,2.35322,0.011366784,2.341853
Train,2344960,40,0.0078125,0.71379364,0.24873985,2.3801093,0.010016153,2.370093
Train,2350080,40,0.0078125,0.7030162,0.099673174,2.388804,0.010112285,2.3786914
Train,2355200,50,0.009765625,0.88114494,0.33514008,2.4370556,0.008526647,2.428529
Train,2360320,30,0.005859375,0.36961356,-0.005354099,2.4649856,0.007647629,2.457338
Train,2365440,50,0.009765625,0.70557797,-0.03320707,2.415963,0.008550017,2.4074132
Train,2370560,30,0.005859375,0.5715181,0.0999442,2.3657088,0.009393774,2.3563151
Train,2375680,40,0.0078125,0.4245387,-0.054975107,2.3904557,0.00890741,2.381548
Train,2380800,70,0.013671875,1.1183285,0.3821338,2.399266,0.010131962,2.3891342
Train,2385920,20,0.00390625,0.39368984,0.032518685,2.3683476,0.011736457,2.356611
Train,2391040,20,0.00390625,0.26326275,-0.33889297,2.3530114,0.013047347,2.339964
Train,2396160,30,0.005859375,0.43045807,-0.23575921,2.3868344,0.0091684,2.3776658
Train,2401280,50,0.009765625,0.5673849,0.043600168,2.400777,0.008511967,2.392265
Train,2406400,30,0.005859375,0.50612515,0.09801581,2.4123394,0.007907628,2.404432
Train,2411520,40,0.0078125,0.5192623,0.058608197,2.3981607,0.008199605,2.389961
Train,2416640,70,0.013671875,0.9736897,0.3773335,2.4294965,0.007306856,2.4221895
Train,2421760,20,0.00390625,0.16922314,-0.000586659,2.4215891,0.008377942,2.4132113
Train,2426880,60,0.01171875,0.7883779,0.2752745,2.4181025,0.008788399,2.409314
Train,2432000,40,0.0078125,0.5256732,0.17343645,2.4454522,0.008852765,2.4365995
Train,2437120,60,0.01171875,0.91241086,0.3704088,2.3957012,0.010507206,2.3851938
Train,2442240,40,0.0078125,0.47964945,0.15062104,2.3658526,0.010274759,2.3555777
Train,2447360,40,0.0078125,0.6363185,0.25884488,2.3669317,0.009382437,2.3575492
Train,2452480,30,0.005859375,0.376789,0.024826314,2.4128394,0.008126755,2.4047127
Train,2457600,10,0.001953125,0.1939182,0.034424238,2.3833947,0.009974414,2.3734205
Train,2462720,40,0.0078125,0.5453909,0.1981542,2.3795087,0.00979256,2.3697162
Train,2467840,0,0,0.010769446,-0.09797127,2.387221,0.010635706,2.3765855
Train,2472960,0,0,0.013557945,-0.10361999,2.36523,0.010659489,2.3545706
Train,2478080,30,0.005859375,0.40078822,0.08425069,2.3766034,0.009630777,2.3669724
Train,2483200,30,0.005859375,0.5638818,0.16601542,2.3790054,0.009540042,2.3694656
Train,2488320,40,0.0078125,0.5715343,0.070219204,2.3947449,0.009569891,2.385175
Train,2493440,20,0.00390625,0.2541003,0.030151805,2.3195717,0.01236794,2.307204
Train,2498560,50,0.009765625,0.7148566,0.37410647,2.3618608,0.011421986,2.3504388
Train,2503680,20,0.00390625,0.32364354,0.05774334,2.4129035,0.009365906,2.4035378
Train,2508800,30,0.005859375,0.4127523,0.121379495,2.3919394,0.00870627,2.383233
Train,2513920,30,0.005859375,0.5411593,0.19103472,2.394629,0.009370106,2.3852584
Train,2519040,10,0.001953125,0.25454426,-0.049955584,2.39525,0.008585415,2.386665
Train,2524160,30,0.005859375,0.49546438,0.12688099,2.361162,0.008305279,2.3528564
Train,2529280,50,0.009765625,0.67845815,0.12348745,2.373174,0.008619729,2.3645542
Train,2534400,40,0.0078125,0.7500437,0.17381373,2.408657,0.008197555,2.4004595
Train,2539520,40,0.0078125,0.51435703,0.061692633,2.445672,0.007859922,2.4378123
Train,2544640,0,0,0.013022229,-0.10911056,2.4440765,0.006721705,2.4373548
Train,2549760,20,0.00390625,0.35227114,0.09631027,2.4435298,0.006008716,2.4375212
Train,2554880,20,0.00390625,0.32713977,0.06331919,2.4210727,0.007529414,2.4135432
Train,2560000,30,0.005859375,0.39796796,0.013341282,2.3982785,0.008471843,2.3898065
Train,2565120,30,0.005859375,0.34099767,0.03477458,2.3400323,0.008916348,2.3311157
Train,2570240,40,0.0078125,0.5721099,0.20779124,2.3608706,0.00810186,2.352769
Train,2575360,70,0.013671875,0.9700745,0.32261688,2.4201512,0.006536306,2.4136147
Train,2580480,20,0.00390625,0.35042438,0.014995476,2.4469593,0.005993362,2.440966
Train,2585600,20,0.00390625,0.22095752,-0.04780393,2.4216056,0.007413119,2.4141924
Train,2590720,10,0.001953125,0.19257352,-0.04209437,2.3741539,0.009187536,2.3649664
Train,2595840,30,0.005859375,0.3483679,-0.00982324,2.3552094,0.009796803,2.3454127
Train,2600960,10,0.001953125,0.13718729,-0.05624494,2.3800046,0.009867437,2.3701372
Train,2606080,0,0,0.039495196,-0.19876231,2.391333,0.008778657,2.3825545
Train,2611200,60,0.01171875,0.9723527,0.50721335,2.4242053,0.008246991,2.4159584
Train,2616320,40,0.0078125,0.4679814,-0.09334851,2.410766,0.008254046,2.4025118
Train,2621440,40,0.0078125,0.4692802,-0.017974637,2.386089,0.008337758,2.377751
Train,2626560,40,0.0078125,0.55683464,0.17005503,2.3377063,0.009985377,2.3277209
Train,2631680,60,0.01171875,0.7975311,0.12686549,2.3753552,0.010128463,2.3652267
Train,2636800,60,0.01171875,1.0337086,0.3322318,2.3556745,0.009059252,2.346615
Train,2641920,70,0.013671875,0.9645857,0.41526225,2.3935585,0.007902228,2.3856564
Train,2647040,40,0.0078125,0.7069594,0.2704846,2.3627667,0.010316026,2.3524506
Train,2652160,50,0.009765625,0.77803767,0.24670993,2.312703,0.010705927,2.301997
Train,2657280,20,0.00390625,0.38855612,0.022486327,2.3336987,0.010468042,2.3232307
Train,2662400,60,0.01171875,0.9507405,0.38229105,2.3290443,0.01001177,2.3190324
Train,2667520,20,0.00390625,0.42163348,0.09560244,2.356224,0.009687102,2.3465369
Train,2672640,50,0.009765625,0.797366,0.2802987,2.3356025,0.009547249,2.3260553
Train,2677760,50,0.009765625,0.7475776,0.1900026,2.385297,0.009959451,2.3753376
Train,2682880,40,0.0078125,0.4998823,0.06864858,2.4436123,0.00841066,2.4352016
Train,2688000,20,0.00390625,0.3387424,0.0813573,2.454445,0.007592851,2.446852
Train,2693120,30,0.005859375,0.5681939,0.1655703,2.4359086,0.007057318,2.4288511
Train,2698240,50,0.009765625,0.6116297,0.001055025,2.426764,0.005549454,2.4212143
Train,2703360,40,0.0078125,0.67246664,0.055043213,2.4592206,0.004289013,2.4549315
Train,2708480,40,0.0078125,0.59639704,0.052729476,2.4118621,0.005317187,2.4065454
Train,2713600,80,0.015625,1.4521929,0.55783325,2.3642056,0.007381573,2.3568237
Train,2718720,50,0.009765625,0.6149482,0.24260333,2.3327286,0.009659261,2.3230696
Train,2723840,20,0.00390625,0.40382454,-0.019097976,2.3935452,0.007137844,2.3864076
Train,2728960,80,0.015625,1.0936906,0.3289164,2.4012687,0.007068328,2.3942
Train,2734080,10,0.001953125,0.23015769,-0.081184365,2.3645108,0.008003533,2.356507
Train,2739200,40,0.0078125,0.7063822,0.26170444,2.409026,0.007678367,2.4013479
Train,2744320,40,0.0078125,0.5187868,0.09562675,2.38883,0.006939168,2.381891
Train,2749440,40,0.0078125,0.644632,0.23046619,2.3789012,0.006668811,2.3722327
Train,2754560,40,0.0078125,0.63080305,0.07347105,2.3903844,0.006344646,2.3840396
Train,2759680,40,0.0078125,0.7349593,0.14596118,2.3932953,0.007501016,2.3857944
Train,2764800,30,0.005859375,0.5112983,-0.09660004,2.3673666,0.008132917,2.3592336
Train,2769920,20,0.00390625,0.3232815,0.043058544,2.3189,0.009533565,2.3093667
Train,2775040,30,0.005859375,0.40925732,0.042932943,2.3622615,0.008312553,2.353949
Train,2780160,40,0.0078125,0.6790085,0.25264183,2.3799999,0.007557734,2.372442
Train,2785280,40,0.0078125,0.43073913,-0.028430698,2.3771253,0.007109961,2.3700154
Train,2790400,40,0.0078125,0.7411235,0.23745677,2.3419034,0.008532022,2.3333714
Train,2795520,20,0.00390625,0.32269788,0.005574346,2.3655236,0.008535533,2.356988
Train,2800640,10,0.001953125,0.14978078,-0.110243455,2.3886724,0.006541179,2.382131
Train,2805760,40,0.0078125,0.6984873,0.21145803,2.3882172,0.005988807,2.3822286
Train,2810880,70,0.013671875,0.97613794,0.42656988,2.3463285,0.007232925,2.3390958
Train,2816000,90,0.017578125,1.0217514,0.41348174,2.3322275,0.006749077,2.325478
Train,2821120,50,0.009765625,0.6837556,0.17843316,2.394612,0.006522835,2.3880892
Train,2826240,30,0.005859375,0.63672674,-0.1058937,2.3390477,0.00750962,2.331538
Train,2831360,30,0.005859375,0.35543343,-0.06847052,2.365599,0.006841214,2.3587577
Train,2836480,50,0.009765625,0.7262818,0.21282166,2.4199512,0.006378906,2.4135725
Train,2841600,40,0.0078125,0.7258608,0.13372293,2.391714,0.006974992,2.3847392
Train,2846720,30,0.005859375,0.57168096,0.17395394,2.3733394,0.008499335,2.3648403
Train,2851840,40,0.0078125,0.6961766,0.11428578,2.3457499,0.007953762,2.337796
Train,2856960,50,0.009765625,0.4724705,0.1386264,2.3671224,0.007835765,2.3592865
Train,2862080,50,0.009765625,0.8326048,0.32693565,2.3397691,0.008909647,2.3308594
Train,2867200,20,0.00390625,0.4210311,0.10312487,2.3345225,0.007296971,2.3272254
Train,2872320,50,0.009765625,0.6359746,0.2565959,2.342802,0.006732844,2.336069
Train,2877440,30,0.005859375,0.5170182,-0.15269795,2.3895671,0.006800637,2.3827665
Train,2882560,40,0.0078125,0.67537063,0.13130356,2.3844173,0.008170889,2.3762462
Train,2887680,30,0.005859375,0.519427,0.11915816,2.420733,0.007048655,2.4136844
Train,2892800,60,0.01171875,0.61221516,-0.00774751,2.4199622,0.005980374,2.4139817
Train,2897920,40,0.0078125,0.6568963,-0.047548443,2.3830717,0.007213849,2.3758578
Train,2903040,60,0.01171875,0.73523474,0.19957022,2.360154,0.007385831,2.3527682
Train,2908160,60,0.01171875,0.7976643,0.38522434,2.3541186,0.006359849,2.3477588
Train,2913280,50,0.009765625,0.651519,0.09411944,2.3685787,0.005927994,2.3626509
Train,2918400,40,0.0078125,0.48174262,-0.027727673,2.3404617,0.007664602,2.3327973
Train,2923520,60,0.01171875,0.7914638,0.28774825,2.311714,0.008713906,2.303
Train,2928640,60,0.01171875,0.96350557,0.35753784,2.312844,0.009165038,2.303679
Train,2933760,40,0.0078125,0.5986463,0.1960911,2.2735686,0.010111998,2.2634563
Train,2938880,60,0.01171875,0.67020404,0.09411091,2.3216202,0.008477621,2.3131425
Train,2944000,30,0.005859375,0.57769483,0.08083192,2.3391912,0.008371435,2.3308198
Train,2949120,40,0.0078125,0.5011215,0.036480747,2.3712425,0.007586798,2.3636558
Train,2954240,30,0.005859375,0.5044659,0.18238363,2.353611,0.008399741,2.3452115
Train,2959360,100,0.01953125,1.2360064,0.2783493,2.3106186,0.008364386,2.3022542
Train,2964480,20,0.00390625,0.20807262,-0.11604479,2.3095124,0.008410843,2.3011014
Train,2969600,50,0.009765625,0.44912767,0.080251105,2.363121,0.00633122,2.3567898
Train,2974720,50,0.009765625,0.71617734,0.2856662,2.3389606,0.007201073,2.3317597
Train,2979840,60,0.01171875,0.6850776,0.16167638,2.3885686,0.007063282,2.3815055
Train,2984960,10,0.001953125,0.20686388,0.008710122,2.319679,0.007776864,2.311902
Train,2990080,60,0.01171875,0.98744994,0.45125854,2.3327043,0.007344625,2.3253593
Train,2995200,60,0.01171875,0.8484939,0.29695767,2.2642155,0.009121753,2.2550938
Train,3000320,20,0.00390625,0.31552082,0.05759786,2.2921264,0.009274538,2.282852
Train,3005440,40,0.0078125,0.48416376,0.0874276,2.3134153,0.008721091,2.3046942
Train,3010560,50,0.009765625,0.60267794,0.123341925,2.298292,0.008783708,2.289508
Train,3015680,20,0.00390625,0.27636012,-0.14309147,2.31711,0.00702759,2.3100827
Train,3020800,60,0.01171875,0.90462536,0.31280133,2.3461359,0.006352983,2.3397827
Train,3025920,40,0.0078125,0.58359635,0.07719773,2.3670483,0.006023772,2.3610246
Train,3031040,30,0.005859375,0.5601118,0.12745929,2.342865,0.006808517,2.3360565
Train,3036160,40,0.0078125,0.61948776,-0.011080384,2.2700303,0.009096518,2.2609336
Train,3041280,50,0.009765625,0.8639867,0.14853555,2.2934206,0.008133762,2.2852867
Train,3046400,50,0.009765625,0.84979516,0.3201117,2.3692927,0.00728978,2.362003
Train,3051520,100,0.01953125,1.4622535,0.8469485,2.354784,0.008665092,2.3461192
Train,3056640,70,0.013671875,1.0241851,0.3904357,2.2829778,0.008070675,2.2749069
Train,3061760,40,0.0078125,0.58745676,-0.03455304,2.3377469,0.006889716,2.330857
Train,3066880,90,0.017578125,1.4378777,0.43281785,2.3417346,0.006504488,2.3352304
Train,3072000,20,0.00390625,0.3819562,0.002157074,2.305154,0.007042527,2.2981117
Train,3077120,70,0.013671875,1.0141132,0.3252721,2.3587418,0.008230682,2.3505113
Train,3082240,70,0.013671875,0.76683563,-0.043924015,2.3397222,0.008402271,2.3313196
Train,3087360,10,0.001953125,0.23933946,-0.1303562,2.3536346,0.007167026,2.3464677
Train,3092480,70,0.013671875,1.2869478,0.081698194,2.3438694,0.006316663,2.3375528
Train,3097600,60,0.01171875,0.9906517,0.37692332,2.3797638,0.006516824,2.373247
Train,3102720,40,0.0078125,0.54086304,-0.01752729,2.3874357,0.005531421,2.381904
Train,3107840,50,0.009765625,0.6780686,0.14317761,2.3578262,0.005268506,2.352558
Train,3112960,50,0.009765625,0.72092956,0.22093636,2.3404796,0.006520651,2.3339593
Train,3118080,50,0.009765625,0.72681636,0.13804463,2.2947576,0.008148049,2.2866094
Train,3123200,50,0.009765625,0.510101,-0.06999968,2.3301651,0.008492447,2.3216724
Train,3128320,90,0.017578125,1.1110705,0.22774878,2.2745116,0.008285833,2.2662258
Train,3133440,50,0.009765625,0.645685,0.17146654,2.2512069,0.00877873,2.2424283
Train,3138560,60,0.01171875,0.6885899,0.32410288,2.2891672,0.007792744,2.2813745
Train,3143680,60,0.01171875,0.5848849,-0.054067742,2.3790076,0.006092127,2.3729155
Train,3148800,50,0.009765625,0.7498787,0.2551279,2.3869903,0.004660854,2.3823297
Train,3153920,40,0.0078125,0.721467,0.20548841,2.3180919,0.005738256,2.3123536
Train,3159040,80,0.015625,1.1131272,0.26433605,2.3201675,0.007657968,2.3125095
Train,3164160,30,0.005859375,0.41026756,0.15812442,2.3595817,0.006916098,2.3526657
Train,3169280,50,0.009765625,0.6813978,0.24284588,2.331861,0.006894741,2.3249662
Train,3174400,90,0.017578125,1.2597736,0.4826374,2.4140232,0.005651974,2.408371
Train,3179520,80,0.015625,1.1520817,0.310754,2.4040835,0.006502843,2.3975809
Train,3184640,60,0.01171875,0.7750628,0.16268346,2.3399174,0.00757884,2.3323386
Train,3189760,70,0.013671875,1.1576713,0.33803642,2.3095646,0.006464796,2.3030999
Train,3194880,60,0.01171875,1.0511012,0.3171811,2.3262947,0.006556385,2.3197381
Train,3200000,60,0.01171875,0.9503828,0.14170256,2.2765563,0.007256087,2.2693002
Train,3205120,10,0.001953125,0.18749478,-0.13496228,2.264644,0.007459709,2.257184
Train,3210240,70,0.013671875,0.8576763,-0.073181644,2.3226602,0.007677042,2.3149831
Train,3215360,20,0.00390625,0.4015099,-0.08188751,2.2721028,0.009307943,2.2627947
Train,3220480,70,0.013671875,0.76810926,0.21910168,2.2529085,0.008867662,2.244041
Train,3225600,20,0.00390625,0.31721377,-0.004761068,2.2700255,0.008702447,2.2613232
Train,3230720,40,0.0078125,0.5017225,-0.14134216,2.3673103,0.006652785,2.3606575
Train,3235840,70,0.013671875,1.00709,0.39876077,2.3292973,0.006357385,2.32294
Train,3240960,50,0.009765625,0.629449,-0.11119416,2.319492,0.005551173,2.3139408
Train,3246080,70,0.013671875,0.903214,0.2372626,2.3557196,0.005531302,2.350188
Train,3251200,30,0.005859375,0.51967996,-0.011743119,2.3074176,0.006433903,2.3009834
Train,3256320,30,0.005859375,0.49759457,-0.10675673,2.3565402,0.006682563,2.3498578
Train,3261440,50,0.009765625,0.608584,0.15155286,2.3047397,0.006499559,2.2982402
Train,3266560,70,0.013671875,1.0573276,0.5288101,2.2603297,0.007619757,2.2527099
Train,3271680,50,0.009765625,0.68235344,0.1497677,2.2599368,0.007274319,2.2526624
Train,3276800,70,0.013671875,1.1648945,0.492871,2.2934582,0.007232584,2.2862256
Train,3281920,30,0.005859375,0.373138,-0.02556451,2.2649019,0.007664389,2.2572374
Train,3287040,30,0.005859375,0.33611548,0.12718986,2.2984297,0.006846856,2.2915828
Train,3292160,60,0.01171875,0.7662576,0.28900868,2.313959,0.006527794,2.307431
Train,3297280,70,0.013671875,0.9914795,0.34505862,2.2903912,0.007327984,2.2830632
Train,3302400,70,0.013671875,0.8257057,0.12740625,2.3491974,0.007415234,2.341782
Train,3307520,60,0.01171875,0.943524,0.25157046,2.344153,0.006539484,2.3376133
Train,3312640,30,0.005859375,0.45041895,-0.09425426,2.3116682,0.006604779,2.3050637
Train,3317760,60,0.01171875,0.78035825,-0.07098655,2.3460095,0.006505979,2.3395035
Train,3322880,80,0.015625,0.9416773,0.27532873,2.4073665,0.004427885,2.4029386
Train,3328000,80,0.015625,1.0381297,0.25398183,2.3169916,0.005614904,2.3113766
Train,3333120,0,0,0.015452102,-0.09003066,2.3087335,0.006417354,2.302316
Train,3338240,40,0.0078125,0.46289083,0.13030773,2.2601504,0.007295162,2.252855
Train,3343360,20,0.00390625,0.24776106,-0.11882291,2.2196333,0.008022266,2.2116108
Train,3348480,60,0.01171875,0.87681514,0.20431575,2.262507,0.007231546,2.2552755
Train,3353600,30,0.005859375,0.5084497,0.081257015,2.2670972,0.007964532,2.2591326
Train,3358720,30,0.005859375,0.26247212,-0.025468618,2.2818308,0.007717011,2.274114
Train,3363840,50,0.009765625,0.73637074,0.28450054,2.298323,0.006461506,2.2918613
Train,3368960,60,0.01171875,0.86776143,0.20824338,2.3116412,0.005348241,2.306293
Train,3374080,60,0.01171875,0.8386062,0.2859394,2.3079717,0.004936884,2.3030348
Train,3379200,80,0.015625,1.021805,0.28702992,2.3814027,0.005145147,2.3762574
Train,3384320,50,0.009765625,0.52643085,0.15442294,2.3390405,0.006281521,2.3327591
Train,3389440,70,0.013671875,1.0499676,0.46334904,2.3558834,0.006186145,2.3496976
Train,3394560,30,0.005859375,0.5374598,0.1730539,2.3254678,0.006122291,2.3193452
Train,3399680,90,0.017578125,1.2093188,0.49840868,2.3097804,0.007043059,2.3027375
Train,3404800,50,0.009765625,0.72170734,0.30400738,2.309282,0.006836108,2.3024461
Train,3409920,70,0.013671875,0.8689866,0.12777093,2.3284512,0.006212154,2.3222392
Train,3415040,60,0.01171875,0.8357113,0.1868659,2.286675,0.00662645,2.2800486
Train,3420160,60,0.01171875,0.7822486,0.008341895,2.2914944,0.00594142,2.285553
Train,3425280,70,0.013671875,0.8877369,0.36620384,2.2397473,0.007268388,2.2324789
Train,3430400,50,0.009765625,0.79881996,0.1769239,2.3099613,0.005830889,2.3041306
Train,3435520,120,0.0234375,1.4244549,0.5068424,2.3159344,0.005257758,2.3106766
Train,3440640,60,0.01171875,0.9776277,0.18855265,2.281988,0.006616192,2.2753716
Train,3445760,70,0.013671875,1.1573206,0.32070267,2.2978935,0.006318012,2.2915757
Train,3450880,90,0.017578125,1.1917784,0.42291155,2.2680285,0.006668371,2.26136
Train,3456000,60,0.01171875,0.5805344,-0.21666953,2.2686174,0.007569681,2.2610478
Train,3461120,50,0.009765625,0.6031215,-0.09480045,2.3243573,0.005629511,2.3187277
Train,3466240,50,0.009765625,0.5731005,-0.07901208,2.3012877,0.006180878,2.295107
Train,3471360,20,0.00390625,0.37256598,-0.004140025,2.283593,0.006501808,2.2770908
Train,3476480,80,0.015625,0.8449688,0.12898836,2.2803357,0.00645336,2.2738824
Train,3481600,40,0.0078125,0.46040964,-0.06573519,2.3067734,0.00720277,2.2995708
Train,3486720,100,0.01953125,1.2992812,0.23714396,2.2695565,0.006577768,2.2629788
Train,3491840,70,0.013671875,0.9986831,0.13609321,2.3220403,0.005330029,2.31671
Train,3496960,90,0.017578125,0.9464448,0.2964551,2.2845235,0.006260585,2.2782629
Train,3502080,50,0.009765625,0.7388758,0.23263182,2.3146942,0.00590807,2.3087862
Train,3507200,40,0.0078125,0.7203987,0.21528897,2.2805574,0.006901845,2.2736554
Train,3512320,80,0.015625,1.2317203,0.4649927,2.3036206,0.008037684,2.2955828
Train,3517440,50,0.009765625,0.67477274,0.20539747,2.3440788,0.00679443,2.3372846
Train,3522560,60,0.01171875,0.79984325,0.16449927,2.3009098,0.006773535,2.294136
Train,3527680,80,0.015625,1.1374527,0.5720987,2.3033545,0.005985541,2.297369
Train,3532800,60,0.01171875,0.94655746,0.17744052,2.2430465,0.006825389,2.236221
Train,3537920,20,0.00390625,0.22927871,-0.07286202,2.290135,0.007337452,2.2827976
Train,3543040,90,0.017578125,0.9450621,0.24539177,2.292383,0.006224125,2.2861588
Train,3548160,50,0.009765625,0.5833867,-0.09134206,2.2719913,0.00590612,2.2660851
Train,3553280,90,0.017578125,1.0821135,0.3103236,2.3101327,0.005605161,2.3045273
Train,3558400,70,0.013671875,1.0096962,0.334909,2.256363,0.006950177,2.2494128
Train,3563520,50,0.009765625,0.6794362,0.3152064,2.2706459,0.006876744,2.2637691
Train,3568640,30,0.005859375,0.32703796,0.03432878,2.2803214,0.006974627,2.273347
Train,3573760,110,0.021484375,1.0491883,0.32564017,2.3020012,0.007161875,2.2948394
Train,3578880,60,0.01171875,1.059842,0.06656871,2.3358047,0.006773615,2.329031
Train,3584000,30,0.005859375,0.5742093,0.1286598,2.324661,0.006992165,2.317669
Train,3589120,80,0.015625,0.8045306,0.18106896,2.2946107,0.006517453,2.2880933
Train,3594240,60,0.01171875,0.72963417,0.12944576,2.2742112,0.006503997,2.2677076
Train,3599360,80,0.015625,0.95545715,0.27612838,2.2892938,0.006082341,2.2832115
Train,3604480,90,0.017578125,1.1626095,0.30937502,2.3470411,0.00555125,2.3414898
Train,3609600,60,0.01171875,0.76905406,0.012129379,2.3183064,0.00543158,2.3128746
Train,3614720,70,0.013671875,1.1422552,0.25787333,2.2760282,0.005768178,2.2702599
Train,3619840,50,0.009765625,0.6148171,0.110833555,2.2796395,0.006010857,2.2736287
Train,3624960,120,0.0234375,1.6405544,0.33667213,2.3322513,0.006239579,2.3260117
Train,3630080,70,0.013671875,0.81858075,0.22794339,2.2673233,0.007557182,2.2597663
Train,3635200,80,0.015625,1.0409148,0.3891843,2.2837553,0.006294868,2.2774606
Train,3640320,60,0.01171875,0.7280498,0.12717831,2.3451345,0.005438597,2.3396957
Train,3645440,40,0.0078125,0.7358719,0.21327654,2.29448,0.005449988,2.28903
Train,3650560,90,0.017578125,1.2776453,0.47588757,2.3159587,0.005768366,2.3101904
Train,3655680,30,0.005859375,0.4270993,0.11535701,2.2741303,0.0057624,2.2683678
Train,3660800,80,0.015625,0.9518091,0.33849344,2.278984,0.005411587,2.2735724
Train,3665920,40,0.0078125,0.36119753,-0.03496094,2.3077266,0.006066162,2.3016605
Train,3671040,50,0.009765625,0.5261367,0.0464826,2.304888,0.006706059,2.298182
Train,3676160,90,0.017578125,1.3323077,0.4478531,2.343951,0.006632513,2.3373184
Train,3681280,80,0.015625,0.8351984,0.26630238,2.3552291,0.006983745,2.3482454
Train,3686400,100,0.01953125,0.9204511,0.2027171,2.346794,0.005955831,2.3408382
Train,3691520,30,0.005859375,0.5124815,0.10128183,2.32983,0.005421096,2.3244088
Train,3696640,120,0.0234375,0.988476,0.11468975,2.3253007,0.004641355,2.3206594
Train,3701760,50,0.009765625,0.7742998,0.20421027,2.3012521,0.005766462,2.2954857
Train,3706880,80,0.015625,0.96146107,0.27701178,2.2934396,0.00607115,2.2873685
Train,3712000,60,0.01171875,0.608606,0.2740457,2.252112,0.005517993,2.2465937
Train,3717120,120,0.0234375,1.8813289,0.57524526,2.2915418,0.005234996,2.2863069
Train,3722240,50,0.009765625,0.6063718,0.14180557,2.2392137,0.006801869,2.2324116
Train,3727360,60,0.01171875,0.7802195,0.29831627,2.2512283,0.00703672,2.2441914
Train,3732480,60,0.01171875,0.4407475,-0.058232,2.234697,0.005821211,2.2288759
